date,time,flow
2022-03-01,0,2
2022-03-01,1,1
2022-03-01,2,3
2022-03-01,3,2
2022-03-01,4,4
2022-03-01,5,5
2022-03-01,6,10
2022-03-01,7,35
2022-03-01,8,95
2022-03-01,9,78
2022-03-01,10,37
2022-03-01,11,36
2022-03-01,12,38
2022-03-01,13,37
2022-03-01,14,50
2022-03-01,15,56
2022-03-01,16,62
2022-03-01,17,93
2022-03-01,18,56
2022-03-01,19,29
2022-03-01,20,26
2022-03-01,21,25
2022-03-01,22,10
2022-03-01,23,7
2022-03-02,0,3
2022-03-02,1,12
2022-03-02,2,5
2022-03-02,3,3
2022-03-02,4,2
2022-03-02,5,6
2022-03-02,6,11
2022-03-02,7,32
2022-03-02,8,86
2022-03-02,9,59
2022-03-02,10,46
2022-03-02,11,39
2022-03-02,12,44
2022-03-02,13,40
2022-03-02,14,55
2022-03-02,15,48
2022-03-02,16,64
2022-03-02,17,94
2022-03-02,18,64
2022-03-02,19,55
2022-03-02,20,31
2022-03-02,21,18
2022-03-02,22,15
2022-03-02,23,4
2022-03-03,0,10
2022-03-03,1,3
2022-03-03,2,3
2022-03-03,3,1
2022-03-03,4,2
2022-03-03,5,4
2022-03-03,6,11
2022-03-03,7,28
2022-03-03,8,85
2022-03-03,9,74
2022-03-03,10,43
2022-03-03,11,40
2022-03-03,12,42
2022-03-03,13,43
2022-03-03,14,43
2022-03-03,15,56
2022-03-03,16,71
2022-03-03,17,90
2022-03-03,18,58
2022-03-03,19,31
2022-03-03,20,23
2022-03-03,21,24
2022-03-03,22,16
2022-03-03,23,5
2022-03-04,0,5
2022-03-04,1,0
2022-03-04,2,4
2022-03-04,3,1
2022-03-04,4,0
2022-03-04,5,4
2022-03-04,6,12
2022-03-04,7,33
2022-03-04,8,76
2022-03-04,9,80
2022-03-04,10,56
2022-03-04,11,45
2022-03-04,12,35
2022-03-04,13,51
2022-03-04,14,60
2022-03-04,15,77
2022-03-04,16,66
2022-03-04,17,78
2022-03-04,18,61
2022-03-04,19,43
2022-03-04,20,34
2022-03-04,21,19
2022-03-04,22,25
2022-03-04,23,19
2022-03-05,0,6
2022-03-05,1,10
2022-03-05,2,5
2022-03-05,3,8
2022-03-05,4,5
2022-03-05,5,4
2022-03-05,6,5
2022-03-05,7,11
2022-03-05,8,23
2022-03-05,9,43
2022-03-05,10,37
2022-03-05,11,46
2022-03-05,12,50
2022-03-05,13,50
2022-03-05,14,74
2022-03-05,15,63
2022-03-05,16,53
2022-03-05,17,79
2022-03-05,18,50
2022-03-05,19,50
2022-03-05,20,36
2022-03-05,21,22
2022-03-05,22,18
2022-03-05,23,13
2022-03-06,0,20
2022-03-06,1,6
2022-03-06,2,13
2022-03-06,3,12
2022-03-06,4,4
2022-03-06,5,4
2022-03-06,6,4
2022-03-06,7,6
2022-03-06,8,12
2022-03-06,9,26
2022-03-06,10,38
2022-03-06,11,33
2022-03-06,12,55
2022-03-06,13,53
2022-03-06,14,57
2022-03-06,15,53
2022-03-06,16,47
2022-03-06,17,48
2022-03-06,18,37
2022-03-06,19,39
2022-03-06,20,24
2022-03-06,21,11
2022-03-06,22,15
2022-03-06,23,11
2022-03-07,0,2
2022-03-07,1,0
2022-03-07,2,3
2022-03-07,3,0
2022-03-07,4,3
2022-03-07,5,3
2022-03-07,6,9
2022-03-07,7,26
2022-03-07,8,70
2022-03-07,9,55
2022-03-07,10,27
2022-03-07,11,40
2022-03-07,12,51
2022-03-07,13,43
2022-03-07,14,55
2022-03-07,15,42
2022-03-07,16,55
2022-03-07,17,86
2022-03-07,18,63
2022-03-07,19,42
2022-03-07,20,23
2022-03-07,21,17
2022-03-07,22,17
2022-03-07,23,10
2022-03-08,0,6
2022-03-08,1,0
2022-03-08,2,4
2022-03-08,3,2
2022-03-08,4,2
2022-03-08,5,2
2022-03-08,6,6
2022-03-08,7,26
2022-03-08,8,71
2022-03-08,9,48
2022-03-08,10,38
2022-03-08,11,43
2022-03-08,12,36
2022-03-08,13,43
2022-03-08,14,48
2022-03-08,15,48
2022-03-08,16,49
2022-03-08,17,63
2022-03-08,18,37
2022-03-08,19,37
2022-03-08,20,26
2022-03-08,21,17
2022-03-08,22,17
2022-03-08,23,9
2022-03-09,0,1
2022-03-09,1,16
2022-03-09,2,8
2022-03-09,3,1
2022-03-09,4,2
2022-03-09,5,8
2022-03-09,6,16
2022-03-09,7,31
2022-03-09,8,81
2022-03-09,9,68
2022-03-09,10,45
2022-03-09,11,49
2022-03-09,12,40
2022-03-09,13,36
2022-03-09,14,58
2022-03-09,15,60
2022-03-09,16,73
2022-03-09,17,91
2022-03-09,18,53
2022-03-09,19,47
2022-03-09,20,79
2022-03-09,21,22
2022-03-09,22,14
2022-03-09,23,6
2022-03-10,0,6
2022-03-10,1,5
2022-03-10,2,2
2022-03-10,3,3
2022-03-10,4,0
2022-03-10,5,8
2022-03-10,6,12
2022-03-10,7,29
2022-03-10,8,85
2022-03-10,9,70
2022-03-10,10,37
2022-03-10,11,42
2022-03-10,12,49
2022-03-10,13,42
2022-03-10,14,62
2022-03-10,15,55
2022-03-10,16,59
2022-03-10,17,81
2022-03-10,18,61
2022-03-10,19,46
2022-03-10,20,32
2022-03-10,21,18
2022-03-10,22,17
2022-03-10,23,11
2022-03-11,0,11
2022-03-11,1,0
2022-03-11,2,2
2022-03-11,3,1
2022-03-11,4,2
2022-03-11,5,7
2022-03-11,6,13
2022-03-11,7,30
2022-03-11,8,70
2022-03-11,9,53
2022-03-11,10,39
2022-03-11,11,39
2022-03-11,12,49
2022-03-11,13,61
2022-03-11,14,59
2022-03-11,15,65
2022-03-11,16,78
2022-03-11,17,114
2022-03-11,18,84
2022-03-11,19,49
2022-03-11,20,29
2022-03-11,21,20
2022-03-11,22,21
2022-03-11,23,28
2022-03-12,0,24
2022-03-12,1,9
2022-03-12,2,7
2022-03-12,3,4
2022-03-12,4,4
2022-03-12,5,4
2022-03-12,6,9
2022-03-12,7,11
2022-03-12,8,21
2022-03-12,9,29
2022-03-12,10,36
2022-03-12,11,54
2022-03-12,12,56
2022-03-12,13,55
2022-03-12,14,65
2022-03-12,15,52
2022-03-12,16,47
2022-03-12,17,43
2022-03-12,18,47
2022-03-12,19,46
2022-03-12,20,28
2022-03-12,21,18
2022-03-12,22,13
2022-03-12,23,20
2022-03-13,0,15
2022-03-13,1,10
2022-03-13,2,6
2022-03-13,3,10
2022-03-13,4,3
2022-03-13,5,5
2022-03-13,6,3
2022-03-13,7,6
2022-03-13,8,14
2022-03-13,9,16
2022-03-13,10,37
2022-03-13,11,51
2022-03-13,12,49
2022-03-13,13,55
2022-03-13,14,60
2022-03-13,15,64
2022-03-13,16,50
2022-03-13,17,45
2022-03-13,18,39
2022-03-13,19,39
2022-03-13,20,32
2022-03-13,21,16
2022-03-13,22,12
2022-03-13,23,5
2022-03-14,0,1
2022-03-14,1,1
2022-03-14,2,2
2022-03-14,3,3
2022-03-14,4,1
2022-03-14,5,4
2022-03-14,6,11
2022-03-14,7,31
2022-03-14,8,83
2022-03-14,9,54
2022-03-14,10,42
2022-03-14,11,31
2022-03-14,12,36
2022-03-14,13,45
2022-03-14,14,47
2022-03-14,15,50
2022-03-14,16,73
2022-03-14,17,91
2022-03-14,18,44
2022-03-14,19,22
2022-03-14,20,18
2022-03-14,21,19
2022-03-14,22,16
2022-03-14,23,4
2022-03-15,0,2
2022-03-15,1,2
2022-03-15,2,1
2022-03-15,3,4
2022-03-15,4,3
2022-03-15,5,2
2022-03-15,6,13
2022-03-15,7,35
2022-03-15,8,107
2022-03-15,9,72
2022-03-15,10,46
2022-03-15,11,40
2022-03-15,12,36
2022-03-15,13,43
2022-03-15,14,44
2022-03-15,15,51
2022-03-15,16,59
2022-03-15,17,90
2022-03-15,18,47
2022-03-15,19,35
2022-03-15,20,22
2022-03-15,21,15
2022-03-15,22,16
2022-03-15,23,13
2022-03-16,0,0
2022-03-16,1,4
2022-03-16,2,6
2022-03-16,3,3
2022-03-16,4,2
2022-03-16,5,11
2022-03-16,6,13
2022-03-16,7,35
2022-03-16,8,79
2022-03-16,9,77
2022-03-16,10,50
2022-03-16,11,47
2022-03-16,12,47
2022-03-16,13,51
2022-03-16,14,46
2022-03-16,15,51
2022-03-16,16,52
2022-03-16,17,75
2022-03-16,18,50
2022-03-16,19,45
2022-03-16,20,32
2022-03-16,21,18
2022-03-16,22,12
2022-03-16,23,6
2022-03-17,0,4
2022-03-17,1,8
2022-03-17,2,3
2022-03-17,3,0
2022-03-17,4,3
2022-03-17,5,10
2022-03-17,6,9
2022-03-17,7,35
2022-03-17,8,95
2022-03-17,9,80
2022-03-17,10,45
2022-03-17,11,47
2022-03-17,12,48
2022-03-17,13,67
2022-03-17,14,55
2022-03-17,15,60
2022-03-17,16,77
2022-03-17,17,99
2022-03-17,18,63
2022-03-17,19,44
2022-03-17,20,31
2022-03-17,21,22
2022-03-17,22,25
2022-03-17,23,12
2022-03-18,0,4
2022-03-18,1,1
2022-03-18,2,2
2022-03-18,3,2
2022-03-18,4,2
2022-03-18,5,7
2022-03-18,6,17
2022-03-18,7,37
2022-03-18,8,77
2022-03-18,9,73
2022-03-18,10,49
2022-03-18,11,41
2022-03-18,12,43
2022-03-18,13,59
2022-03-18,14,63
2022-03-18,15,72
2022-03-18,16,63
2022-03-18,17,72
2022-03-18,18,56
2022-03-18,19,48
2022-03-18,20,45
2022-03-18,21,20
2022-03-18,22,24
2022-03-18,23,16
2022-03-19,0,19
2022-03-19,1,3
2022-03-19,2,6
2022-03-19,3,6
2022-03-19,4,4
2022-03-19,5,0
2022-03-19,6,8
2022-03-19,7,16
2022-03-19,8,26
2022-03-19,9,36
2022-03-19,10,40
2022-03-19,11,48
2022-03-19,12,52
2022-03-19,13,52
2022-03-19,14,62
2022-03-19,15,52
2022-03-19,16,44
2022-03-19,17,52
2022-03-19,18,49
2022-03-19,19,46
2022-03-19,20,23
2022-03-19,21,14
2022-03-19,22,15
2022-03-19,23,18
2022-03-20,0,15
2022-03-20,1,5
2022-03-20,2,8
2022-03-20,3,8
2022-03-20,4,4
2022-03-20,5,1
2022-03-20,6,10
2022-03-20,7,6
2022-03-20,8,14
2022-03-20,9,25
2022-03-20,10,34
2022-03-20,11,50
2022-03-20,12,68
2022-03-20,13,51
2022-03-20,14,60
2022-03-20,15,48
2022-03-20,16,52
2022-03-20,17,53
2022-03-20,18,47
2022-03-20,19,26
2022-03-20,20,24
2022-03-20,21,16
2022-03-20,22,16
2022-03-20,23,11
2022-03-21,0,16
2022-03-21,1,0
2022-03-21,2,0
2022-03-21,3,1
2022-03-21,4,1
2022-03-21,5,7
2022-03-21,6,15
2022-03-21,7,36
2022-03-21,8,128
2022-03-21,9,140
2022-03-21,10,43
2022-03-21,11,37
2022-03-21,12,46
2022-03-21,13,47
2022-03-21,14,49
2022-03-21,15,49
2022-03-21,16,59
2022-03-21,17,105
2022-03-21,18,78
2022-03-21,19,43
2022-03-21,20,34
2022-03-21,21,16
2022-03-21,22,12
2022-03-21,23,9
2022-03-22,0,9
2022-03-22,1,5
2022-03-22,2,0
2022-03-22,3,0
2022-03-22,4,0
2022-03-22,5,8
2022-03-22,6,12
2022-03-22,7,35
2022-03-22,8,55
2022-03-22,9,57
2022-03-22,10,33
2022-03-22,11,36
2022-03-22,12,35
2022-03-22,13,38
2022-03-22,14,51
2022-03-22,15,47
2022-03-22,16,53
2022-03-22,17,81
2022-03-22,18,46
2022-03-22,19,31
2022-03-22,20,20
2022-03-22,21,22
2022-03-22,22,15
2022-03-22,23,5
2022-03-23,0,6
2022-03-23,1,8
2022-03-23,2,3
2022-03-23,3,2
2022-03-23,4,0
2022-03-23,5,5
2022-03-23,6,13
2022-03-23,7,32
2022-03-23,8,58
2022-03-23,9,44
2022-03-23,10,48
2022-03-23,11,34
2022-03-23,12,34
2022-03-23,13,45
2022-03-23,14,48
2022-03-23,15,40
2022-03-23,16,48
2022-03-23,17,63
2022-03-23,18,44
2022-03-23,19,41
2022-03-23,20,35
2022-03-23,21,20
2022-03-23,22,15
2022-03-23,23,4
2022-03-24,0,5
2022-03-24,1,2
2022-03-24,2,2
2022-03-24,3,1
2022-03-24,4,1
2022-03-24,5,3
2022-03-24,6,8
2022-03-24,7,26
2022-03-24,8,66
2022-03-24,9,65
2022-03-24,10,37
2022-03-24,11,41
2022-03-24,12,37
2022-03-24,13,42
2022-03-24,14,50
2022-03-24,15,59
2022-03-24,16,53
2022-03-24,17,69
2022-03-24,18,59
2022-03-24,19,48
2022-03-24,20,34
2022-03-24,21,22
2022-03-24,22,26
2022-03-24,23,12
2022-03-25,0,10
2022-03-25,1,0
2022-03-25,2,3
2022-03-25,3,1
2022-03-25,4,6
2022-03-25,5,4
2022-03-25,6,10
2022-03-25,7,31
2022-03-25,8,67
2022-03-25,9,64
2022-03-25,10,58
2022-03-25,11,47
2022-03-25,12,49
2022-03-25,13,54
2022-03-25,14,50
2022-03-25,15,57
2022-03-25,16,70
2022-03-25,17,54
2022-03-25,18,45
2022-03-25,19,41
2022-03-25,20,28
2022-03-25,21,29
2022-03-25,22,20
2022-03-25,23,13
2022-03-26,0,15
2022-03-26,1,4
2022-03-26,2,8
2022-03-26,3,4
2022-03-26,4,1
2022-03-26,5,3
2022-03-26,6,8
2022-03-26,7,15
2022-03-26,8,24
2022-03-26,9,44
2022-03-26,10,43
2022-03-26,11,52
2022-03-26,12,38
2022-03-26,13,50
2022-03-26,14,66
2022-03-26,15,58
2022-03-26,16,52
2022-03-26,17,60
2022-03-26,18,42
2022-03-26,19,48
2022-03-26,20,34
2022-03-26,21,19
2022-03-26,22,17
2022-03-26,23,31
2022-03-27,0,7
2022-03-27,1,12
2022-03-27,2,7
2022-03-27,3,7
2022-03-27,4,4
2022-03-27,5,5
2022-03-27,6,6
2022-03-27,7,6
2022-03-27,8,26
2022-03-27,9,30
2022-03-27,10,38
2022-03-27,11,46
2022-03-27,12,51
2022-03-27,13,59
2022-03-27,14,44
2022-03-27,15,44
2022-03-27,16,53
2022-03-27,17,48
2022-03-27,18,32
2022-03-27,19,31
2022-03-27,20,27
2022-03-27,21,9
2022-03-27,22,12
2022-03-27,23,4
2022-03-28,0,5
2022-03-28,1,4
2022-03-28,2,6
2022-03-28,3,1
2022-03-28,4,2
2022-03-28,5,16
2022-03-28,6,36
2022-03-28,7,50
2022-03-28,8,39
2022-03-28,9,37
2022-03-28,10,32
2022-03-28,11,41
2022-03-28,12,46
2022-03-28,13,42
2022-03-28,14,34
2022-03-28,15,57
2022-03-28,16,47
2022-03-28,17,39
2022-03-28,18,29
2022-03-28,19,28
2022-03-28,20,20
2022-03-28,21,15
2022-03-28,22,7
2022-03-28,23,4
2022-03-29,0,4
2022-03-29,1,2
2022-03-29,2,3
2022-03-29,3,0
2022-03-29,4,2
2022-03-29,5,11
2022-03-29,6,26
2022-03-29,7,61
2022-03-29,8,52
2022-03-29,9,40
2022-03-29,10,27
2022-03-29,11,41
2022-03-29,12,43
2022-03-29,13,43
2022-03-29,14,44
2022-03-29,15,43
2022-03-29,16,56
2022-03-29,17,42
2022-03-29,18,30
2022-03-29,19,19
2022-03-29,20,21
2022-03-29,21,20
2022-03-29,22,6
2022-03-29,23,4
2022-03-30,0,2
2022-03-30,1,1
2022-03-30,2,3
2022-03-30,3,0
2022-03-30,4,8
2022-03-30,5,16
2022-03-30,6,35
2022-03-30,7,65
2022-03-30,8,51
2022-03-30,9,52
2022-03-30,10,41
2022-03-30,11,45
2022-03-30,12,48
2022-03-30,13,45
2022-03-30,14,42
2022-03-30,15,41
2022-03-30,16,59
2022-03-30,17,67
2022-03-30,18,32
2022-03-30,19,31
2022-03-30,20,21
2022-03-30,21,19
2022-03-30,22,8
2022-03-30,23,6
2022-03-31,0,2
2022-03-31,1,2
2022-03-31,2,2
2022-03-31,3,3
2022-03-31,4,5
2022-03-31,5,11
2022-03-31,6,25
2022-03-31,7,59
2022-03-31,8,48
2022-03-31,9,40
2022-03-31,10,42
2022-03-31,11,50
2022-03-31,12,58
2022-03-31,13,43
2022-03-31,14,39
2022-03-31,15,50
2022-03-31,16,72
2022-03-31,17,68
2022-03-31,18,40
2022-03-31,19,19
2022-03-31,20,26
2022-03-31,21,27
2022-03-31,22,14
2022-03-31,23,3
2022-04-01,0,0
2022-04-01,1,1
2022-04-01,2,2
2022-04-01,3,5
2022-04-01,4,8
2022-04-01,5,14
2022-04-01,6,33
2022-04-01,7,55
2022-04-01,8,47
2022-04-01,9,34
2022-04-01,10,45
2022-04-01,11,57
2022-04-01,12,56
2022-04-01,13,66
2022-04-01,14,62
2022-04-01,15,65
2022-04-01,16,71
2022-04-01,17,61
2022-04-01,18,57
2022-04-01,19,33
2022-04-01,20,26
2022-04-01,21,27
2022-04-01,22,14
2022-04-01,23,9
2022-04-02,0,9
2022-04-02,1,4
2022-04-02,2,4
2022-04-02,3,4
2022-04-02,4,6
2022-04-02,5,7
2022-04-02,6,11
2022-04-02,7,22
2022-04-02,8,39
2022-04-02,9,45
2022-04-02,10,47
2022-04-02,11,67
2022-04-02,12,61
2022-04-02,13,65
2022-04-02,14,48
2022-04-02,15,54
2022-04-02,16,53
2022-04-02,17,59
2022-04-02,18,42
2022-04-02,19,31
2022-04-02,20,29
2022-04-02,21,24
2022-04-02,22,14
2022-04-02,23,12
2022-04-03,0,13
2022-04-03,1,10
2022-04-03,2,10
2022-04-03,3,5
2022-04-03,4,4
2022-04-03,5,4
2022-04-03,6,8
2022-04-03,7,16
2022-04-03,8,23
2022-04-03,9,31
2022-04-03,10,57
2022-04-03,11,65
2022-04-03,12,49
2022-04-03,13,40
2022-04-03,14,41
2022-04-03,15,47
2022-04-03,16,28
2022-04-03,17,32
2022-04-03,18,25
2022-04-03,19,16
2022-04-03,20,18
2022-04-03,21,17
2022-04-03,22,9
2022-04-03,23,3
2022-04-04,0,4
2022-04-04,1,2
2022-04-04,2,1
2022-04-04,3,2
2022-04-04,4,8
2022-04-04,5,9
2022-04-04,6,35
2022-04-04,7,55
2022-04-04,8,42
2022-04-04,9,39
2022-04-04,10,45
2022-04-04,11,49
2022-04-04,12,42
2022-04-04,13,40
2022-04-04,14,34
2022-04-04,15,67
2022-04-04,16,72
2022-04-04,17,41
2022-04-04,18,32
2022-04-04,19,26
2022-04-04,20,20
2022-04-04,21,19
2022-04-04,22,14
2022-04-04,23,7
2022-04-05,0,1
2022-04-05,1,3
2022-04-05,2,2
2022-04-05,3,2
2022-04-05,4,11
2022-04-05,5,14
2022-04-05,6,37
2022-04-05,7,58
2022-04-05,8,54
2022-04-05,9,40
2022-04-05,10,49
2022-04-05,11,49
2022-04-05,12,59
2022-04-05,13,63
2022-04-05,14,35
2022-04-05,15,46
2022-04-05,16,65
2022-04-05,17,52
2022-04-05,18,41
2022-04-05,19,27
2022-04-05,20,20
2022-04-05,21,19
2022-04-05,22,6
2022-04-05,23,9
2022-04-06,0,1
2022-04-06,1,3
2022-04-06,2,2
2022-04-06,3,1
2022-04-06,4,5
2022-04-06,5,11
2022-04-06,6,31
2022-04-06,7,67
2022-04-06,8,55
2022-04-06,9,56
2022-04-06,10,45
2022-04-06,11,51
2022-04-06,12,53
2022-04-06,13,49
2022-04-06,14,47
2022-04-06,15,67
2022-04-06,16,90
2022-04-06,17,57
2022-04-06,18,45
2022-04-06,19,28
2022-04-06,20,17
2022-04-06,21,10
2022-04-06,22,18
2022-04-06,23,4
2022-04-07,0,2
2022-04-07,1,3
2022-04-07,2,2
2022-04-07,3,2
2022-04-07,4,5
2022-04-07,5,17
2022-04-07,6,29
2022-04-07,7,61
2022-04-07,8,55
2022-04-07,9,43
2022-04-07,10,54
2022-04-07,11,52
2022-04-07,12,71
2022-04-07,13,56
2022-04-07,14,46
2022-04-07,15,68
2022-04-07,16,92
2022-04-07,17,65
2022-04-07,18,33
2022-04-07,19,30
2022-04-07,20,24
2022-04-07,21,23
2022-04-07,22,10
2022-04-07,23,6
2022-04-08,0,3
2022-04-08,1,4
2022-04-08,2,0
2022-04-08,3,3
2022-04-08,4,6
2022-04-08,5,16
2022-04-08,6,27
2022-04-08,7,53
2022-04-08,8,53
2022-04-08,9,47
2022-04-08,10,50
2022-04-08,11,59
2022-04-08,12,58
2022-04-08,13,74
2022-04-08,14,96
2022-04-11,7,55
2022-04-11,8,60
2022-04-11,9,43
2022-04-11,10,45
2022-04-11,11,50
2022-04-11,12,57
2022-04-11,13,43
2022-04-11,14,47
2022-04-11,15,59
2022-04-11,16,67
2022-04-11,17,49
2022-04-11,18,42
2022-04-11,19,30
2022-04-11,20,24
2022-04-11,21,11
2022-04-11,22,8
2022-04-11,23,6
2022-04-12,0,0
2022-04-12,1,1
2022-04-12,2,0
2022-04-12,3,1
2022-04-12,4,5
2022-04-12,5,12
2022-04-12,6,29
2022-04-12,7,65
2022-04-12,8,53
2022-04-12,9,41
2022-04-12,10,63
2022-04-12,11,68
2022-04-12,12,55
2022-04-12,13,63
2022-04-12,14,55
2022-04-12,15,62
2022-04-12,16,85
2022-04-12,17,65
2022-04-12,18,38
2022-04-12,19,30
2022-04-12,20,21
2022-04-12,21,16
2022-04-12,22,11
2022-04-12,23,2
2022-04-13,0,8
2022-04-13,1,1
2022-04-13,2,2
2022-04-13,3,0
2022-04-13,4,2
2022-04-13,5,12
2022-04-13,6,26
2022-04-13,7,51
2022-04-13,8,64
2022-04-13,9,38
2022-04-13,10,56
2022-04-13,11,53
2022-04-13,12,58
2022-04-13,13,47
2022-04-13,14,39
2022-04-13,15,59
2022-04-13,16,96
2022-04-13,17,64
2022-04-13,18,46
2022-04-13,19,30
2022-04-13,20,25
2022-04-13,21,18
2022-04-13,22,14
2022-04-13,23,7
2022-04-14,0,0
2022-04-14,1,2
2022-04-14,2,0
2022-04-14,3,0
2022-04-14,4,4
2022-04-14,5,13
2022-04-14,6,24
2022-04-14,7,55
2022-04-14,8,59
2022-04-14,9,49
2022-04-14,10,48
2022-04-14,11,54
2022-04-14,12,46
2022-04-14,13,76
2022-04-14,14,67
2022-04-14,15,74
2022-04-14,16,86
2022-04-14,17,50
2022-04-14,18,53
2022-04-14,19,36
2022-04-14,20,29
2022-04-14,21,21
2022-04-14,22,24
2022-04-14,23,9
2022-04-15,0,2
2022-04-15,1,2
2022-04-15,2,1
2022-04-15,3,5
2022-04-15,4,9
2022-04-15,5,10
2022-04-15,6,25
2022-04-15,7,32
2022-04-15,8,49
2022-04-15,9,38
2022-04-15,10,64
2022-04-15,11,41
2022-04-15,12,49
2022-04-15,13,58
2022-04-15,14,66
2022-04-15,15,63
2022-04-15,16,64
2022-04-15,17,71
2022-04-15,18,30
2022-04-15,19,26
2022-04-15,20,16
2022-04-15,21,18
2022-04-15,22,8
2022-04-15,23,14
2022-04-16,0,6
2022-04-16,1,8
2022-04-16,2,3
2022-04-16,3,2
2022-04-16,4,1
2022-04-16,5,4
2022-04-16,6,8
2022-04-16,7,22
2022-04-16,8,30
2022-04-16,9,37
2022-04-16,10,39
2022-04-16,11,50
2022-04-16,12,58
2022-04-16,13,55
2022-04-16,14,62
2022-04-16,15,59
2022-04-16,16,51
2022-04-16,17,44
2022-04-16,18,45
2022-04-16,19,32
2022-04-16,20,20
2022-04-16,21,17
2022-04-16,22,19
2022-04-16,23,26
2022-04-17,0,8
2022-04-17,1,8
2022-04-17,2,2
2022-04-17,3,5
2022-04-17,4,2
2022-04-17,5,9
2022-04-17,6,8
2022-04-17,7,14
2022-04-17,8,14
2022-04-17,9,24
2022-04-17,10,46
2022-04-17,11,42
2022-04-17,12,51
2022-04-17,13,36
2022-04-17,14,49
2022-04-17,15,32
2022-04-17,16,39
2022-04-17,17,43
2022-04-17,18,45
2022-04-17,19,31
2022-04-17,20,15
2022-04-17,21,21
2022-04-17,22,22
2022-04-17,23,6
2022-04-18,0,18
2022-04-18,1,2
2022-04-18,2,2
2022-04-18,3,1
2022-04-18,4,5
2022-04-18,5,6
2022-04-18,6,19
2022-04-18,7,18
2022-04-18,8,21
2022-04-18,9,27
2022-04-18,10,41
2022-04-18,11,39
2022-04-18,12,49
2022-04-18,13,36
2022-04-18,14,38
2022-04-18,15,49
2022-04-18,16,49
2022-04-18,17,48
2022-04-18,18,34
2022-04-18,19,26
2022-04-18,20,19
2022-04-18,21,18
2022-04-18,22,12
2022-04-18,23,3
2022-04-19,0,1
2022-04-19,1,0
2022-04-19,2,2
2022-04-19,3,1
2022-04-19,4,7
2022-04-19,5,6
2022-04-19,6,32
2022-04-19,7,68
2022-04-19,8,71
2022-04-19,9,54
2022-04-19,10,41
2022-04-19,11,46
2022-04-19,12,48
2022-04-19,13,49
2022-04-19,14,39
2022-04-19,15,63
2022-04-19,16,105
2022-04-19,17,53
2022-04-19,18,29
2022-04-19,19,26
2022-04-19,20,16
2022-04-19,21,16
2022-04-19,22,10
2022-04-19,23,2
2022-04-20,0,4
2022-04-20,1,4
2022-04-20,2,2
2022-04-20,3,2
2022-04-20,4,6
2022-04-20,5,15
2022-04-20,6,34
2022-04-20,7,77
2022-04-20,8,68
2022-04-20,9,45
2022-04-20,10,46
2022-04-20,11,47
2022-04-20,12,41
2022-04-20,13,43
2022-04-20,14,62
2022-04-20,15,63
2022-04-20,16,89
2022-04-20,17,59
2022-04-20,18,47
2022-04-20,19,31
2022-04-20,20,26
2022-04-20,21,15
2022-04-20,22,9
2022-04-20,23,5
2022-04-21,0,2
2022-04-21,1,2
2022-04-21,2,0
2022-04-21,3,2
2022-04-21,4,9
2022-04-21,5,10
2022-04-21,6,26
2022-04-21,7,65
2022-04-21,8,90
2022-04-21,9,58
2022-04-21,10,46
2022-04-21,11,55
2022-04-21,12,55
2022-04-21,13,53
2022-04-21,14,47
2022-04-21,15,73
2022-04-21,16,95
2022-04-21,17,51
2022-04-21,18,29
2022-04-21,19,33
2022-04-21,20,25
2022-04-21,21,20
2022-04-21,22,9
2022-04-21,23,2
2022-04-22,0,2
2022-04-22,1,2
2022-04-22,2,1
2022-04-22,3,0
2022-04-22,4,2
2022-04-22,5,12
2022-04-22,6,32
2022-04-22,7,71
2022-04-22,8,72
2022-04-22,9,64
2022-04-22,10,56
2022-04-22,11,66
2022-04-22,12,58
2022-04-22,13,57
2022-04-22,14,77
2022-04-22,15,67
2022-04-22,16,77
2022-04-22,17,53
2022-04-22,18,47
2022-04-22,19,20
2022-04-22,20,26
2022-04-22,21,18
2022-04-22,22,21
2022-04-22,23,8
2022-04-23,0,6
2022-04-23,1,4
2022-04-23,2,3
2022-04-23,3,5
2022-04-23,4,2
2022-04-23,5,7
2022-04-23,6,13
2022-04-23,7,21
2022-04-23,8,39
2022-04-23,9,41
2022-04-23,10,52
2022-04-23,11,58
2022-04-23,12,56
2022-04-23,13,63
2022-04-23,14,60
2022-04-23,15,58
2022-04-23,16,59
2022-04-23,17,54
2022-04-23,18,42
2022-04-23,19,30
2022-04-23,20,27
2022-04-23,21,19
2022-04-23,22,21
2022-04-23,23,9
2022-04-24,0,3
2022-04-24,1,8
2022-04-24,2,5
2022-04-24,3,7
2022-04-24,4,1
2022-04-24,5,3
2022-04-24,6,10
2022-04-24,7,16
2022-04-24,8,31
2022-04-24,9,39
2022-04-24,10,36
2022-04-24,11,49
2022-04-24,12,49
2022-04-24,13,59
2022-04-24,14,51
2022-04-24,15,39
2022-04-24,16,55
2022-04-24,17,89
2022-04-24,18,84
2022-04-24,19,27
2022-04-24,20,15
2022-04-24,21,17
2022-04-24,22,13
2022-04-24,23,2
2022-04-25,0,3
2022-04-25,1,2
2022-04-25,2,2
2022-04-25,3,3
2022-04-25,4,4
2022-04-25,5,12
2022-04-25,6,40
2022-04-25,7,91
2022-04-25,8,90
2022-04-25,9,54
2022-04-25,10,57
2022-04-25,11,44
2022-04-25,12,48
2022-04-25,13,55
2022-04-25,14,47
2022-04-25,15,71
2022-04-25,16,73
2022-04-25,17,64
2022-04-25,18,31
2022-04-25,19,29
2022-04-25,20,21
2022-04-25,21,13
2022-04-25,22,10
2022-04-25,23,4
2022-04-26,0,0
2022-04-26,1,2
2022-04-26,2,2
2022-04-26,3,2
2022-04-26,4,3
2022-04-26,5,17
2022-04-26,6,43
2022-04-26,7,82
2022-04-26,8,78
2022-04-26,9,43
2022-04-26,10,48
2022-04-26,11,49
2022-04-26,12,56
2022-04-26,13,42
2022-04-26,14,75
2022-04-26,15,69
2022-04-26,16,85
2022-04-26,17,55
2022-04-26,18,43
2022-04-26,19,29
2022-04-26,20,20
2022-04-26,21,13
2022-04-26,22,3
2022-04-26,23,2
2022-04-27,0,0
2022-04-27,1,3
2022-04-27,2,0
2022-04-27,3,0
2022-04-27,4,4
2022-04-27,5,11
2022-04-27,6,34
2022-04-27,7,101
2022-04-27,8,69
2022-04-27,9,54
2022-04-27,10,35
2022-04-27,11,59
2022-04-27,12,57
2022-04-27,13,53
2022-04-27,14,49
2022-04-27,15,77
2022-04-27,16,93
2022-04-27,17,66
2022-04-27,18,45
2022-04-27,19,29
2022-04-27,20,22
2022-04-27,21,17
2022-04-27,22,13
2022-04-27,23,0
2022-04-28,0,0
2022-04-28,1,0
2022-04-28,2,0
2022-04-28,3,0
2022-04-28,4,3
2022-04-28,5,15
2022-04-28,6,29
2022-04-28,7,85
2022-04-28,8,78
2022-04-28,9,46
2022-04-28,10,52
2022-04-28,11,52
2022-04-28,12,48
2022-04-28,13,58
2022-04-28,14,58
2022-04-28,15,81
2022-04-28,16,73
2022-04-28,17,70
2022-04-28,18,42
2022-04-28,19,35
2022-04-28,20,21
2022-04-28,21,16
2022-04-28,22,16
2022-04-28,23,4
2022-04-29,0,0
2022-04-29,1,0
2022-04-29,2,0
2022-04-29,3,0
2022-04-29,4,0
2022-04-29,5,16
2022-04-29,6,29
2022-04-29,7,70
2022-04-29,8,63
2022-04-29,9,44
2022-04-29,10,47
2022-04-29,11,58
2022-04-29,12,80
2022-04-29,13,77
2022-04-29,14,52
2022-04-29,15,82
2022-04-29,16,78
2022-04-29,17,51
2022-04-29,18,55
2022-04-29,19,32
2022-04-29,20,22
2022-04-29,21,29
2022-04-29,22,18
2022-04-29,23,12
2022-04-30,0,9
2022-04-30,1,5
2022-04-30,2,3
2022-04-30,3,3
2022-04-30,4,3
2022-04-30,5,5
2022-04-30,6,13
2022-04-30,7,24
2022-04-30,8,40
2022-04-30,9,58
2022-04-30,10,72
2022-04-30,11,61
2022-04-30,12,63
2022-04-30,13,92
2022-04-30,14,61
2022-04-30,15,77
2022-04-30,16,64
2022-04-30,17,44
2022-04-30,18,45
2022-04-30,19,23
2022-04-30,20,28
2022-04-30,21,23
2022-04-30,22,16
2022-04-30,23,15
2022-05-01,0,11
2022-05-01,1,5
2022-05-01,2,11
2022-05-01,3,6
2022-05-01,4,9
2022-05-01,5,6
2022-05-01,6,13
2022-05-01,7,14
2022-05-01,8,27
2022-05-01,9,43
2022-05-01,10,75
2022-05-01,11,71
2022-05-01,12,60
2022-05-01,13,76
2022-05-01,14,45
2022-05-01,15,60
2022-05-01,16,52
2022-05-01,17,48
2022-05-01,18,32
2022-05-01,19,18
2022-05-01,20,15
2022-05-01,21,12
2022-05-01,22,8
2022-05-01,23,5
2022-05-02,0,5
2022-05-02,1,4
2022-05-02,2,5
2022-05-02,3,5
2022-05-02,4,3
2022-05-02,5,7
2022-05-02,6,25
2022-05-02,7,24
2022-05-02,8,30
2022-05-02,9,40
2022-05-02,10,44
2022-05-02,11,65
2022-05-02,12,54
2022-05-02,13,52
2022-05-02,14,48
2022-05-02,15,44
2022-05-02,16,54
2022-05-02,17,44
2022-05-02,18,44
2022-05-02,19,27
2022-05-02,20,24
2022-05-02,21,15
2022-05-02,22,12
2022-05-02,23,6
2022-05-03,0,7
2022-05-03,1,1
2022-05-03,2,2
2022-05-03,3,1
2022-05-03,4,6
2022-05-03,5,13
2022-05-03,6,29
2022-05-03,7,70
2022-05-03,8,70
2022-05-03,9,57
2022-05-03,10,67
2022-05-03,11,78
2022-05-03,12,56
2022-05-03,13,49
2022-05-03,14,65
2022-05-03,15,65
2022-05-03,16,98
2022-05-03,17,65
2022-05-03,18,39
2022-05-03,19,22
2022-05-03,20,28
2022-05-03,21,18
2022-05-03,22,5
2022-05-03,23,6
2022-05-04,0,0
2022-05-04,1,0
2022-05-04,2,2
2022-05-04,3,0
2022-05-04,4,4
2022-05-04,5,15
2022-05-04,6,43
2022-05-04,7,86
2022-05-04,8,64
2022-05-04,9,45
2022-05-04,10,46
2022-05-04,11,48
2022-05-04,12,47
2022-05-04,13,44
2022-05-04,14,53
2022-05-04,15,55
2022-05-04,16,95
2022-05-04,17,52
2022-05-04,18,45
2022-05-04,19,26
2022-05-04,20,22
2022-05-04,21,18
2022-05-04,22,9
2022-05-04,23,3
2022-05-05,0,4
2022-05-05,1,2
2022-05-05,2,2
2022-05-05,3,1
2022-05-05,4,4
2022-05-05,5,10
2022-05-05,6,37
2022-05-05,7,83
2022-05-05,8,85
2022-05-05,9,43
2022-05-05,10,45
2022-05-05,11,45
2022-05-05,12,51
2022-05-05,13,65
2022-05-05,14,51
2022-05-05,15,65
2022-05-05,16,104
2022-05-05,17,65
2022-05-05,18,59
2022-05-05,19,49
2022-05-05,20,27
2022-05-05,21,108
2022-05-05,22,82
2022-05-05,23,10
2022-05-06,0,8
2022-05-06,1,4
2022-05-06,2,1
2022-05-06,3,2
2022-05-06,4,4
2022-05-06,5,11
2022-05-06,6,42
2022-05-06,7,88
2022-05-06,8,64
2022-05-06,9,42
2022-05-06,10,49
2022-05-06,11,68
2022-05-06,12,55
2022-05-06,13,67
2022-05-06,14,62
2022-05-06,15,67
2022-05-06,16,72
2022-05-06,17,52
2022-05-06,18,42
2022-05-06,19,27
2022-05-06,20,24
2022-05-06,21,19
2022-05-06,22,13
2022-05-06,23,7
2022-05-07,0,19
2022-05-07,1,5
2022-05-07,2,2
2022-05-07,3,0
2022-05-07,4,7
2022-05-07,5,8
2022-05-07,6,12
2022-05-07,7,20
2022-05-07,8,31
2022-05-07,9,37
2022-05-07,10,44
2022-05-07,11,53
2022-05-07,12,49
2022-05-07,13,53
2022-05-07,14,59
2022-05-07,15,50
2022-05-07,16,45
2022-05-07,17,58
2022-05-07,18,45
2022-05-07,19,34
2022-05-07,20,33
2022-05-07,21,16
2022-05-07,22,13
2022-05-07,23,13
2022-05-08,0,20
2022-05-08,1,3
2022-05-08,2,2
2022-05-08,3,4
2022-05-08,4,2
2022-05-08,5,7
2022-05-08,6,8
2022-05-08,7,10
2022-05-08,8,21
2022-05-08,9,33
2022-05-08,10,39
2022-05-08,11,51
2022-05-08,12,62
2022-05-08,13,62
2022-05-08,14,45
2022-05-08,15,44
2022-05-08,16,79
2022-05-08,17,51
2022-05-08,18,31
2022-05-08,19,32
2022-05-08,20,18
2022-05-08,21,19
2022-05-08,22,10
2022-05-08,23,4
2022-05-09,0,2
2022-05-09,1,0
2022-05-09,2,3
2022-05-09,3,2
2022-05-09,4,3
2022-05-09,5,16
2022-05-09,6,37
2022-05-09,7,82
2022-05-09,8,67
2022-05-09,9,63
2022-05-09,10,51
2022-05-09,11,51
2022-05-09,12,50
2022-05-09,13,45
2022-05-09,14,64
2022-05-09,15,64
2022-05-09,16,140
2022-05-09,17,103
2022-05-09,18,53
2022-05-09,19,36
2022-05-09,20,27
2022-05-09,21,21
2022-05-09,22,16
2022-05-09,23,3
2022-05-10,0,1
2022-05-10,1,4
2022-05-10,2,1
2022-05-10,3,3
2022-05-10,4,5
2022-05-10,5,13
2022-05-10,6,39
2022-05-10,7,92
2022-05-10,8,85
2022-05-10,9,52
2022-05-10,10,43
2022-05-10,11,49
2022-05-10,12,41
2022-05-10,13,50
2022-05-10,14,57
2022-05-10,15,79
2022-05-10,16,94
2022-05-10,17,53
2022-05-10,18,41
2022-05-10,19,28
2022-05-10,20,19
2022-05-10,21,15
2022-05-10,22,9
2022-05-10,23,2
2022-05-11,0,7
2022-05-11,1,5
2022-05-11,2,0
2022-05-11,3,1
2022-05-11,4,2
2022-05-11,5,9
2022-05-11,6,37
2022-05-11,7,95
2022-05-11,8,65
2022-05-11,9,46
2022-05-11,10,48
2022-05-11,11,46
2022-05-11,12,57
2022-05-11,13,51
2022-05-11,14,54
2022-05-11,15,59
2022-05-11,16,95
2022-05-11,17,59
2022-05-11,18,60
2022-05-11,19,28
2022-05-11,20,28
2022-05-11,21,33
2022-05-11,22,12
2022-05-11,23,14
2022-05-12,0,4
2022-05-12,1,1
2022-05-12,2,2
2022-05-12,3,1
2022-05-12,4,7
2022-05-12,5,6
2022-05-12,6,40
2022-05-12,7,94
2022-05-12,8,75
2022-05-12,9,44
2022-05-12,10,52
2022-05-12,11,45
2022-05-12,12,57
2022-05-12,13,66
2022-05-12,14,51
2022-05-12,15,102
2022-05-12,16,128
2022-05-12,17,78
2022-05-12,18,44
2022-05-12,19,25
2022-05-12,20,22
2022-05-12,21,23
2022-05-12,22,10
2022-05-12,23,5
2022-05-13,0,4
2022-05-13,1,0
2022-05-13,2,4
2022-05-13,3,2
2022-05-13,4,6
2022-05-13,5,9
2022-05-13,6,38
2022-05-13,7,74
2022-05-13,8,71
2022-05-13,9,43
2022-05-13,10,45
2022-05-13,11,49
2022-05-13,12,49
2022-05-13,13,58
2022-05-13,14,67
2022-05-13,15,71
2022-05-13,16,77
2022-05-13,17,51
2022-05-13,18,51
2022-05-13,19,36
2022-05-13,20,21
2022-05-13,21,17
2022-05-13,22,18
2022-05-13,23,25
2022-05-14,0,17
2022-05-14,1,6
2022-05-14,2,1
2022-05-14,3,3
2022-05-14,4,7
2022-05-14,5,6
2022-05-14,6,7
2022-05-14,7,21
2022-05-14,8,28
2022-05-14,9,51
2022-05-14,10,48
2022-05-14,11,55
2022-05-14,12,51
2022-05-14,13,57
2022-05-14,14,51
2022-05-14,15,45
2022-05-14,16,38
2022-05-14,17,53
2022-05-14,18,38
2022-05-14,19,33
2022-05-14,20,20
2022-05-14,21,21
2022-05-14,22,15
2022-05-14,23,14
2022-05-15,0,6
2022-05-15,1,7
2022-05-15,2,7
2022-05-15,3,4
2022-05-15,4,2
2022-05-15,5,3
2022-05-15,6,9
2022-05-15,7,12
2022-05-15,8,19
2022-05-15,9,25
2022-05-15,10,37
2022-05-15,11,38
2022-05-15,12,67
2022-05-15,13,50
2022-05-15,14,49
2022-05-15,15,39
2022-05-15,16,40
2022-05-15,17,42
2022-05-15,18,40
2022-05-15,19,19
2022-05-15,20,24
2022-05-15,21,10
2022-05-15,22,13
2022-05-15,23,11
2022-05-16,0,0
2022-05-16,1,0
2022-05-16,2,0
2022-05-16,3,1
2022-05-16,4,3
2022-05-16,5,8
2022-05-16,6,42
2022-05-16,7,79
2022-05-16,8,73
2022-05-16,9,45
2022-05-16,10,46
2022-05-16,11,50
2022-05-16,12,56
2022-05-16,13,59
2022-05-16,14,44
2022-05-16,15,63
2022-05-16,16,97
2022-05-16,17,61
2022-05-16,18,37
2022-05-16,19,21
2022-05-16,20,19
2022-05-16,21,13
2022-05-16,22,11
2022-05-16,23,3
2022-05-17,0,12
2022-05-17,1,0
2022-05-17,2,3
2022-05-17,3,1
2022-05-17,4,3
2022-05-17,5,12
2022-05-17,6,30
2022-05-17,7,90
2022-05-17,8,57
2022-05-17,9,35
2022-05-17,10,43
2022-05-17,11,48
2022-05-17,12,53
2022-05-17,13,49
2022-05-17,14,38
2022-05-17,15,76
2022-05-17,16,86
2022-05-17,17,49
2022-05-17,18,41
2022-05-17,19,30
2022-05-17,20,21
2022-05-17,21,14
2022-05-17,22,10
2022-05-17,23,15
2022-05-18,0,13
2022-05-18,1,0
2022-05-18,2,3
2022-05-18,3,0
2022-05-18,4,4
2022-05-18,5,15
2022-05-18,6,32
2022-05-18,7,80
2022-05-18,8,56
2022-05-18,9,33
2022-05-18,10,41
2022-05-18,11,47
2022-05-18,12,50
2022-05-18,13,48
2022-05-18,14,38
2022-05-18,15,57
2022-05-18,16,82
2022-05-18,17,48
2022-05-18,18,44
2022-05-18,19,27
2022-05-18,20,15
2022-05-18,21,13
2022-05-18,22,11
2022-05-18,23,14
2022-05-19,0,9
2022-05-19,1,4
2022-05-19,2,0
2022-05-19,3,2
2022-05-19,4,7
2022-05-19,5,11
2022-05-19,6,27
2022-05-19,7,77
2022-05-19,8,53
2022-05-19,9,53
2022-05-19,10,48
2022-05-19,11,51
2022-05-19,12,44
2022-05-19,13,81
2022-05-19,14,41
2022-05-19,15,59
2022-05-19,16,74
2022-05-19,17,53
2022-05-19,18,32
2022-05-19,19,32
2022-05-19,20,31
2022-05-19,21,15
2022-05-19,22,20
2022-05-19,23,10
2022-05-20,0,0
2022-05-20,1,2
2022-05-20,2,4
2022-05-20,3,2
2022-05-20,4,4
2022-05-20,5,19
2022-05-20,6,48
2022-05-20,7,95
2022-05-20,8,70
2022-05-20,9,49
2022-05-20,10,42
2022-05-20,11,46
2022-05-20,12,53
2022-05-20,13,75
2022-05-20,14,52
2022-05-20,15,67
2022-05-20,16,85
2022-05-20,17,56
2022-05-20,18,44
2022-05-20,19,28
2022-05-20,20,15
2022-05-20,21,21
2022-05-20,22,16
2022-05-20,23,16
2022-05-21,0,1
2022-05-21,1,7
2022-05-21,2,9
2022-05-21,3,3
2022-05-21,4,4
2022-05-21,5,2
2022-05-21,6,11
2022-05-21,7,14
2022-05-21,8,31
2022-05-21,9,43
2022-05-21,10,47
2022-05-21,11,46
2022-05-21,12,68
2022-05-21,13,60
2022-05-21,14,40
2022-05-21,15,32
2022-05-21,16,40
2022-05-21,17,45
2022-05-21,18,40
2022-05-21,19,25
2022-05-21,20,25
2022-05-21,21,16
2022-05-21,22,16
2022-05-21,23,14
2022-05-22,0,4
2022-05-22,1,5
2022-05-22,2,9
2022-05-22,3,1
2022-05-22,4,2
2022-05-22,5,5
2022-05-22,6,11
2022-05-22,7,15
2022-05-22,8,17
2022-05-22,9,27
2022-05-22,10,51
2022-05-22,11,60
2022-05-22,12,41
2022-05-22,13,43
2022-05-22,14,44
2022-05-22,15,42
2022-05-22,16,43
2022-05-22,17,29
2022-05-22,18,32
2022-05-22,19,31
2022-05-22,20,14
2022-05-22,21,19
2022-05-22,22,14
2022-05-22,23,2
2022-05-23,0,0
2022-05-23,1,1
2022-05-23,2,2
2022-05-23,3,3
2022-05-23,4,4
2022-05-23,5,9
2022-05-23,6,39
2022-05-23,7,78
2022-05-23,8,67
2022-05-23,9,54
2022-05-23,10,41
2022-05-23,11,51
2022-05-23,12,64
2022-05-23,13,48
2022-05-23,14,47
2022-05-23,15,57
2022-05-23,16,73
2022-05-23,17,67
2022-05-23,18,34
2022-05-23,19,21
2022-05-23,20,23
2022-05-23,21,20
2022-05-23,22,10
2022-05-23,23,14
2022-05-24,0,3
2022-05-24,1,3
2022-05-24,13,45
2022-05-24,14,49
2022-05-24,15,45
2022-05-24,16,81
2022-05-24,17,45
2022-05-24,18,29
2022-05-24,19,38
2022-05-24,20,19
2022-05-24,21,14
2022-05-24,22,12
2022-05-24,23,9
2022-05-25,0,6
2022-05-25,1,0
2022-05-25,2,1
2022-05-25,3,4
2022-05-25,4,6
2022-05-25,5,11
2022-05-25,6,44
2022-05-25,7,82
2022-05-25,8,68
2022-05-25,9,65
2022-05-25,10,54
2022-05-25,11,44
2022-05-25,12,65
2022-05-25,13,64
2022-05-25,14,64
2022-05-25,15,67
2022-05-25,16,81
2022-05-25,17,61
2022-05-25,18,45
2022-05-25,19,30
2022-05-25,20,23
2022-05-25,21,20
2022-05-25,22,8
2022-05-25,23,7
2022-05-26,0,4
2022-05-26,1,3
2022-05-26,2,4
2022-05-26,3,2
2022-05-26,4,6
2022-05-26,5,10
2022-05-26,6,42
2022-05-26,7,79
2022-05-26,8,60
2022-05-26,9,50
2022-05-26,10,59
2022-05-26,11,60
2022-05-26,12,58
2022-05-26,13,54
2022-05-26,14,90
2022-05-26,15,62
2022-05-26,16,84
2022-05-26,17,65
2022-05-26,18,41
2022-05-26,19,41
2022-05-26,20,30
2022-05-26,21,25
2022-05-26,22,12
2022-05-26,23,4
2022-05-27,0,4
2022-05-27,1,1
2022-05-27,2,0
2022-05-27,3,3
2022-05-27,4,2
2022-05-27,5,6
2022-05-27,6,29
2022-05-27,7,60
2022-05-27,8,60
2022-05-27,9,52
2022-05-27,10,62
2022-05-27,11,63
2022-05-27,12,64
2022-05-27,13,62
2022-05-27,14,97
2022-05-27,15,77
2022-05-27,16,87
2022-05-27,17,51
2022-05-27,18,44
2022-05-27,19,25
2022-05-27,20,30
2022-05-27,21,27
2022-05-27,22,25
2022-05-27,23,24
2022-05-28,0,4
2022-05-28,1,9
2022-05-28,2,3
2022-05-28,3,3
2022-05-28,4,4
2022-05-28,5,5
2022-05-28,6,9
2022-05-28,7,28
2022-05-28,8,43
2022-05-28,9,38
2022-05-28,10,63
2022-05-28,11,58
2022-05-28,12,59
2022-05-28,13,46
2022-05-28,14,52
2022-05-28,15,48
2022-05-28,16,42
2022-05-28,17,52
2022-05-28,18,43
2022-05-28,19,31
2022-05-28,20,26
2022-05-28,21,16
2022-05-28,22,12
2022-05-28,23,24
2022-05-29,0,16
2022-05-29,1,4
2022-05-29,2,6
2022-05-29,3,6
2022-05-29,4,1
2022-05-29,5,9
2022-05-29,6,7
2022-05-29,7,14
2022-05-29,8,22
2022-05-29,9,34
2022-05-29,10,44
2022-05-29,11,42
2022-05-29,12,52
2022-05-29,13,44
2022-05-29,14,51
2022-05-29,15,52
2022-05-29,16,53
2022-05-29,17,44
2022-05-29,18,38
2022-05-29,19,29
2022-05-29,20,23
2022-05-29,21,12
2022-05-29,22,12
2022-05-29,23,9
2022-05-30,0,0
2022-05-30,1,4
2022-05-30,2,2
2022-05-30,3,3
2022-05-30,4,9
2022-05-30,5,9
2022-05-30,6,32
2022-05-30,7,69
2022-05-30,8,61
2022-05-30,9,50
2022-05-30,10,36
2022-05-30,11,49
2022-05-30,12,58
2022-05-30,13,55
2022-05-30,14,51
2022-05-30,15,69
2022-05-30,16,72
2022-05-30,17,58
2022-05-30,18,31
2022-05-30,19,29
2022-05-30,20,23
2022-05-30,21,22
2022-05-30,22,19
2022-05-30,23,26
2022-05-31,0,7
2022-05-31,1,2
2022-05-31,2,5
2022-05-31,3,4
2022-05-31,4,5
2022-05-31,5,13
2022-05-31,6,32
2022-05-31,7,68
2022-05-31,8,77
2022-05-31,9,43
2022-05-31,10,53
2022-05-31,11,56
2022-05-31,12,49
2022-05-31,13,54
2022-05-31,14,50
2022-05-31,15,78
2022-05-31,16,142
2022-05-31,17,98
2022-05-31,18,37
2022-05-31,19,32
2022-05-31,20,15
2022-05-31,21,24
2022-05-31,22,17
2022-05-31,23,9
2022-06-01,0,2
2022-06-01,1,1
2022-06-01,2,6
2022-06-01,3,3
2022-06-01,4,8
2022-06-01,5,17
2022-06-01,6,37
2022-06-01,7,81
2022-06-01,8,80
2022-06-01,9,59
2022-06-01,10,53
2022-06-01,11,54
2022-06-01,12,54
2022-06-01,13,50
2022-06-01,14,68
2022-06-01,15,76
2022-06-01,16,80
2022-06-01,17,59
2022-06-01,18,49
2022-06-01,19,32
2022-06-01,20,25
2022-06-01,21,25
2022-06-01,22,24
2022-06-01,23,11
2022-06-02,0,10
2022-06-02,1,5
2022-06-02,2,3
2022-06-02,3,5
2022-06-02,4,3
2022-06-02,5,12
2022-06-02,6,21
2022-06-02,7,47
2022-06-02,8,49
2022-06-02,9,47
2022-06-02,10,44
2022-06-02,11,62
2022-06-02,12,93
2022-06-02,13,77
2022-06-02,14,84
2022-06-02,15,76
2022-06-02,16,89
2022-06-02,17,41
2022-06-02,18,43
2022-06-02,19,22
2022-06-02,20,21
2022-06-02,21,35
2022-06-02,22,59
2022-06-02,23,33
2022-06-03,0,10
2022-06-03,1,6
2022-06-03,2,6
2022-06-03,3,3
2022-06-03,4,7
2022-06-03,5,13
2022-06-03,6,15
2022-06-03,7,20
2022-06-03,8,45
2022-06-03,9,44
2022-06-03,10,47
2022-06-03,11,48
2022-06-03,12,47
2022-06-03,13,50
2022-06-03,14,55
2022-06-03,15,75
2022-06-03,16,47
2022-06-03,17,59
2022-06-03,18,36
2022-06-03,19,27
2022-06-03,20,27
2022-06-03,21,30
2022-06-03,22,36
2022-06-03,23,33
2022-06-04,0,11
2022-06-04,1,9
2022-06-04,2,8
2022-06-04,3,3
2022-06-04,4,2
2022-06-04,5,5
2022-06-04,6,12
2022-06-04,7,26
2022-06-04,8,39
2022-06-04,9,44
2022-06-04,10,51
2022-06-04,11,40
2022-06-04,12,59
2022-06-04,13,42
2022-06-04,14,44
2022-06-04,15,55
2022-06-04,16,56
2022-06-04,17,40
2022-06-04,18,58
2022-06-04,19,33
2022-06-04,20,35
2022-06-04,21,25
2022-06-04,22,28
2022-06-04,23,26
2022-06-05,0,12
2022-06-05,1,6
2022-06-05,2,8
2022-06-05,3,2
2022-06-05,4,2
2022-06-05,5,7
2022-06-05,6,9
2022-06-05,7,15
2022-06-05,8,24
2022-06-05,9,30
2022-06-05,10,33
2022-06-05,11,46
2022-06-05,12,38
2022-06-05,13,50
2022-06-05,14,46
2022-06-05,15,33
2022-06-05,16,47
2022-06-05,17,36
2022-06-05,18,38
2022-06-05,19,28
2022-06-05,20,16
2022-06-05,21,16
2022-06-05,22,13
2022-06-05,23,16
2022-06-06,0,4
2022-06-06,1,4
2022-06-06,2,2
2022-06-06,3,0
2022-06-06,4,6
2022-06-06,5,9
2022-06-06,6,30
2022-06-06,7,71
2022-06-06,8,65
2022-06-06,9,57
2022-06-06,10,54
2022-06-06,11,39
2022-06-06,12,51
2022-06-06,13,43
2022-06-06,14,42
2022-06-06,15,59
2022-06-06,16,68
2022-06-06,17,44
2022-06-06,18,25
2022-06-06,19,21
2022-06-06,20,18
2022-06-06,21,16
2022-06-06,22,8
2022-06-06,23,7
2022-06-07,0,13
2022-06-07,1,3
2022-06-07,2,1
2022-06-07,3,0
2022-06-07,4,8
2022-06-07,5,7
2022-06-07,6,41
2022-06-07,7,79
2022-06-07,8,65
2022-06-07,9,64
2022-06-07,10,58
2022-06-07,11,38
2022-06-07,12,46
2022-06-07,13,55
2022-06-07,14,56
2022-06-07,15,75
2022-06-07,16,94
2022-06-07,17,55
2022-06-07,18,33
2022-06-07,19,25
2022-06-07,20,26
2022-06-07,21,16
2022-06-07,22,11
2022-06-07,23,4
2022-06-08,0,2
2022-06-08,1,3
2022-06-08,2,4
2022-06-08,3,3
2022-06-08,4,3
2022-06-08,5,11
2022-06-08,6,37
2022-06-08,7,82
2022-06-08,8,62
2022-06-08,9,50
2022-06-08,10,36
2022-06-08,11,43
2022-06-08,12,56
2022-06-08,13,59
2022-06-08,14,52
2022-06-08,15,66
2022-06-08,16,101
2022-06-08,17,57
2022-06-08,18,44
2022-06-08,19,32
2022-06-08,20,27
2022-06-08,21,19
2022-06-08,22,14
2022-06-08,23,10
2022-06-09,0,5
2022-06-09,1,3
2022-06-09,2,2
2022-06-09,3,3
2022-06-09,4,2
2022-06-09,5,15
2022-06-09,6,29
2022-06-09,7,84
2022-06-09,8,61
2022-06-09,9,46
2022-06-09,10,45
2022-06-09,11,46
2022-06-09,12,47
2022-06-09,13,55
2022-06-09,14,48
2022-06-09,15,73
2022-06-09,16,95
2022-06-09,17,73
2022-06-09,18,37
2022-06-09,19,34
2022-06-09,20,23
2022-06-09,21,15
2022-06-09,22,9
2022-06-09,23,9
2022-06-10,0,1
2022-06-10,1,0
2022-06-10,2,5
2022-06-10,3,4
2022-06-10,4,5
2022-06-10,5,10
2022-06-10,6,74
2022-06-10,7,71
2022-06-10,8,71
2022-06-10,9,49
2022-06-10,10,59
2022-06-10,11,59
2022-06-10,12,72
2022-06-10,13,55
2022-06-10,14,54
2022-06-10,15,70
2022-06-10,16,84
2022-06-10,17,57
2022-06-10,18,52
2022-06-10,19,33
2022-06-10,20,36
2022-06-10,21,25
2022-06-10,22,22
2022-06-10,23,21
2022-06-11,0,8
2022-06-11,1,6
2022-06-11,2,2
2022-06-11,3,4
2022-06-11,4,4
2022-06-11,5,4
2022-06-11,6,14
2022-06-11,7,20
2022-06-11,8,38
2022-06-11,9,44
2022-06-11,10,52
2022-06-11,11,59
2022-06-11,12,63
2022-06-11,13,54
2022-06-11,14,50
2022-06-11,15,52
2022-06-11,16,70
2022-06-11,17,39
2022-06-11,18,27
2022-06-11,19,21
2022-06-11,20,22
2022-06-11,21,12
2022-06-11,22,15
2022-06-11,23,10
2022-06-12,0,17
2022-06-12,1,6
2022-06-12,2,5
2022-06-12,3,4
2022-06-12,4,3
2022-06-12,5,6
2022-06-12,6,7
2022-06-12,7,14
2022-06-12,8,18
2022-06-12,9,29
2022-06-12,10,48
2022-06-12,11,43
2022-06-12,12,47
2022-06-12,13,97
2022-06-12,14,38
2022-06-12,15,54
2022-06-12,16,43
2022-06-12,17,43
2022-06-12,18,36
2022-06-12,19,27
2022-06-12,20,15
2022-06-12,21,16
2022-06-12,22,8
2022-06-12,23,2
2022-06-13,0,1
2022-06-13,1,2
2022-06-13,2,3
2022-06-13,3,4
2022-06-13,4,4
2022-06-13,5,10
2022-06-13,6,33
2022-06-13,7,72
2022-06-13,8,65
2022-06-13,9,58
2022-06-13,10,46
2022-06-13,11,53
2022-06-13,12,49
2022-06-13,13,48
2022-06-13,14,56
2022-06-13,15,67
2022-06-13,16,71
2022-06-13,17,59
2022-06-13,18,34
2022-06-13,19,23
2022-06-13,20,19
2022-06-13,21,14
2022-06-13,22,9
2022-06-13,23,3
2022-06-14,0,9
2022-06-14,1,0
2022-06-14,2,3
2022-06-14,3,3
2022-06-14,4,7
2022-06-14,5,10
2022-06-14,6,34
2022-06-14,7,87
2022-06-14,8,71
2022-06-14,9,42
2022-06-14,10,58
2022-06-14,11,52
2022-06-14,12,50
2022-06-14,13,52
2022-06-14,14,49
2022-06-14,15,75
2022-06-14,16,88
2022-06-14,17,67
2022-06-14,18,50
2022-06-14,19,37
2022-06-14,20,19
2022-06-14,21,18
2022-06-14,22,21
2022-06-14,23,12
2022-06-15,0,4
2022-06-15,1,1
2022-06-15,2,2
2022-06-15,3,1
2022-06-15,4,6
2022-06-15,5,11
2022-06-15,6,49
2022-06-15,7,89
2022-06-15,8,84
2022-06-15,9,49
2022-06-15,10,50
2022-06-15,11,44
2022-06-15,12,42
2022-06-15,13,76
2022-06-15,14,51
2022-06-15,15,67
2022-06-15,16,105
2022-06-15,17,57
2022-06-15,18,46
2022-06-15,19,28
2022-06-15,20,29
2022-06-15,21,23
2022-06-15,22,12
2022-06-15,23,6
2022-06-16,0,12
2022-06-16,1,1
2022-06-16,2,2
2022-06-16,3,1
2022-06-16,4,3
2022-06-16,5,7
2022-06-16,6,39
2022-06-16,7,71
2022-06-16,8,77
2022-06-16,9,61
2022-06-16,10,63
2022-06-16,11,55
2022-06-16,12,59
2022-06-16,13,48
2022-06-16,14,66
2022-06-16,15,67
2022-06-16,16,95
2022-06-16,17,98
2022-06-16,18,54
2022-06-16,19,42
2022-06-16,20,24
2022-06-16,21,11
2022-06-16,22,15
2022-06-16,23,24
2022-06-17,0,7
2022-06-17,1,2
2022-06-17,2,1
2022-06-17,3,3
2022-06-17,4,8
2022-06-17,5,16
2022-06-17,6,32
2022-06-17,7,83
2022-06-17,8,68
2022-06-17,9,51
2022-06-17,10,52
2022-06-17,11,51
2022-06-17,12,60
2022-06-17,13,65
2022-06-17,14,66
2022-06-17,15,69
2022-06-17,16,74
2022-06-17,17,54
2022-06-17,18,56
2022-06-17,19,33
2022-06-17,20,21
2022-06-17,21,27
2022-06-17,22,23
2022-06-17,23,11
2022-06-18,0,22
2022-06-18,1,3
2022-06-18,2,1
2022-06-18,3,1
2022-06-18,4,6
2022-06-18,5,6
2022-06-18,6,13
2022-06-18,7,23
2022-06-18,8,35
2022-06-18,9,41
2022-06-18,10,40
2022-06-18,11,59
2022-06-18,12,47
2022-06-18,13,69
2022-06-18,14,49
2022-06-18,15,38
2022-06-18,16,49
2022-06-18,17,33
2022-06-18,18,37
2022-06-18,19,40
2022-06-18,20,21
2022-06-18,21,20
2022-06-18,22,12
2022-06-18,23,14
2022-06-19,0,21
2022-06-19,1,6
2022-06-19,2,5
2022-06-19,3,2
2022-06-19,4,5
2022-06-19,5,7
2022-06-19,6,10
2022-06-19,7,26
2022-06-19,8,66
2022-06-19,9,37
2022-06-19,10,53
2022-06-19,11,72
2022-06-19,12,69
2022-06-19,13,81
2022-06-19,14,60
2022-06-19,15,70
2022-06-19,16,83
2022-06-19,17,57
2022-06-19,18,36
2022-06-19,19,28
2022-06-19,20,16
2022-06-19,21,19
2022-06-19,22,12
2022-06-19,23,9
2022-06-20,0,2
2022-06-20,1,3
2022-06-20,2,2
2022-06-20,3,2
2022-06-20,4,6
2022-06-20,5,12
2022-06-20,6,33
2022-06-20,7,78
2022-06-20,8,72
2022-06-20,9,58
2022-06-20,10,45
2022-06-20,11,60
2022-06-20,12,54
2022-06-20,13,61
2022-06-20,14,58
2022-06-20,15,61
2022-06-20,16,86
2022-06-20,17,62
2022-06-20,18,48
2022-06-20,19,33
2022-06-20,20,19
2022-06-20,21,24
2022-06-20,22,12
2022-06-20,23,8
2022-06-21,0,5
2022-06-21,1,3
2022-06-21,2,1
2022-06-21,3,2
2022-06-21,4,5
2022-06-21,5,11
2022-06-21,6,40
2022-06-21,7,80
2022-06-21,8,93
2022-06-21,9,39
2022-06-21,10,59
2022-06-21,11,60
2022-06-21,12,50
2022-06-21,13,59
2022-06-21,14,56
2022-06-21,15,71
2022-06-21,16,90
2022-06-21,17,56
2022-06-21,18,45
2022-06-21,19,26
2022-06-21,20,19
2022-06-21,21,16
2022-06-21,22,14
2022-06-21,23,6
2022-06-22,0,6
2022-06-22,1,1
2022-06-22,2,4
2022-06-22,3,2
2022-06-22,4,6
2022-06-22,5,19
2022-06-22,6,41
2022-06-22,7,83
2022-06-22,8,77
2022-06-22,9,65
2022-06-22,10,59
2022-06-22,11,54
2022-06-22,12,65
2022-06-22,13,53
2022-06-22,14,73
2022-06-22,15,74
2022-06-22,16,97
2022-06-22,17,82
2022-06-22,18,51
2022-06-22,19,32
2022-06-22,20,42
2022-06-22,21,25
2022-06-22,22,13
2022-06-22,23,17
2022-06-23,0,5
2022-06-23,1,6
2022-06-23,2,1
2022-06-23,3,2
2022-06-23,4,5
2022-06-23,5,23
2022-06-23,6,42
2022-06-23,7,80
2022-06-23,8,61
2022-06-23,9,60
2022-06-23,10,60
2022-06-23,11,64
2022-06-23,12,56
2022-06-23,13,53
2022-06-23,14,52
2022-06-23,15,79
2022-06-23,16,116
2022-06-23,17,54
2022-06-23,18,47
2022-06-23,19,41
2022-06-23,20,32
2022-06-23,21,17
2022-06-23,22,19
2022-06-23,23,1
2022-06-24,0,6
2022-06-24,1,3
2022-06-24,2,0
2022-06-24,3,5
2022-06-24,4,7
2022-06-24,5,9
2022-06-24,6,29
2022-06-24,7,73
2022-06-24,8,63
2022-06-24,9,48
2022-06-24,10,55
2022-06-24,11,51
2022-06-24,12,65
2022-06-24,13,64
2022-06-24,14,62
2022-06-24,15,55
2022-06-24,16,51
2022-06-24,17,59
2022-06-24,18,35
2022-06-24,19,32
2022-06-24,20,24
2022-06-24,21,22
2022-06-24,22,19
2022-06-24,23,29
2022-06-25,0,36
2022-06-25,1,10
2022-06-25,2,1
2022-06-25,3,8
2022-06-25,4,4
2022-06-25,5,8
2022-06-25,6,16
2022-06-25,7,21
2022-06-25,8,39
2022-06-25,9,36
2022-06-25,10,47
2022-06-25,11,58
2022-06-25,12,73
2022-06-25,13,63
2022-06-25,14,58
2022-06-25,15,54
2022-06-25,16,53
2022-06-25,17,44
2022-06-25,18,34
2022-06-25,19,23
2022-06-25,20,20
2022-06-25,21,22
2022-06-25,22,21
2022-06-25,23,22
2022-06-26,0,5
2022-06-26,1,9
2022-06-26,2,5
2022-06-26,3,6
2022-06-26,4,4
2022-06-26,5,3
2022-06-26,6,5
2022-06-26,7,14
2022-06-26,8,22
2022-06-26,9,29
2022-06-26,10,41
2022-06-26,11,48
2022-06-26,12,83
2022-06-26,13,65
2022-06-26,14,47
2022-06-26,15,51
2022-06-26,16,44
2022-06-26,17,31
2022-06-26,18,24
2022-06-26,19,24
2022-06-26,20,19
2022-06-26,21,14
2022-06-26,22,6
2022-06-26,23,7
2022-06-27,0,7
2022-06-27,1,2
2022-06-27,2,1
2022-06-27,3,1
2022-06-27,4,5
2022-06-27,5,11
2022-06-27,6,30
2022-06-27,7,68
2022-06-27,8,55
2022-06-27,9,57
2022-06-27,10,34
2022-06-27,11,48
2022-06-27,12,47
2022-06-27,13,48
2022-06-27,14,41
2022-06-27,15,57
2022-06-27,16,71
2022-06-27,17,68
2022-06-27,18,37
2022-06-27,19,30
2022-06-27,20,17
2022-06-27,21,16
2022-06-27,22,8
2022-06-27,23,4
2022-06-28,0,3
2022-06-28,1,1
2022-06-28,2,0
2022-06-28,3,2
2022-06-28,4,4
2022-06-28,5,11
2022-06-28,6,44
2022-06-28,7,73
2022-06-28,8,70
2022-06-28,9,41
2022-06-28,10,52
2022-06-28,11,43
2022-06-28,12,90
2022-06-28,13,59
2022-06-28,14,54
2022-06-28,15,61
2022-06-28,16,73
2022-06-28,17,59
2022-06-28,18,52
2022-06-28,19,38
2022-06-28,20,23
2022-06-28,21,15
2022-06-28,22,13
2022-06-28,23,13
2022-06-29,0,10
2022-06-29,1,3
2022-06-29,2,3
2022-06-29,3,2
2022-06-29,4,7
2022-06-29,5,8
2022-06-29,6,35
2022-06-29,7,61
2022-06-29,8,60
2022-06-29,9,50
2022-06-29,10,38
2022-06-29,11,51
2022-06-29,12,63
2022-06-29,13,43
2022-06-29,14,39
2022-06-29,15,51
2022-06-29,16,71
2022-06-29,17,190
2022-06-29,18,27
2022-06-29,19,21
2022-06-29,20,15
2022-06-29,21,12
2022-06-29,22,11
2022-06-29,23,7
2022-06-30,0,8
2022-06-30,1,3
2022-06-30,2,2
2022-06-30,3,2
2022-06-30,4,5
2022-06-30,5,11
2022-06-30,6,28
2022-06-30,7,63
2022-06-30,8,66
2022-06-30,9,49
2022-06-30,10,34
2022-06-30,11,64
2022-06-30,12,57
2022-06-30,13,76
2022-06-30,14,51
2022-06-30,15,66
2022-06-30,16,76
2022-06-30,17,54
2022-06-30,18,37
2022-06-30,19,24
2022-06-30,20,16
2022-06-30,21,18
2022-06-30,22,11
2022-06-30,23,9
2022-07-01,0,2
2022-07-01,1,5
2022-07-01,2,3
2022-07-01,3,5
2022-07-01,4,5
2022-07-01,5,12
2022-07-01,6,31
2022-07-01,7,54
2022-07-01,8,59
2022-07-01,9,44
2022-07-01,10,65
2022-07-01,11,57
2022-07-01,12,52
2022-07-01,13,60
2022-07-01,14,58
2022-07-01,15,62
2022-07-01,16,67
2022-07-01,17,67
2022-07-01,18,35
2022-07-01,19,15
2022-07-01,20,21
2022-07-01,21,14
2022-07-01,22,7
2022-07-01,23,11
2022-07-02,0,3
2022-07-02,1,9
2022-07-02,2,6
2022-07-02,3,1
2022-07-02,4,3
2022-07-02,5,3
2022-07-02,6,14
2022-07-02,7,23
2022-07-02,8,27
2022-07-02,9,44
2022-07-02,10,64
2022-07-02,11,60
2022-07-02,12,60
2022-07-02,13,57
2022-07-02,14,48
2022-07-02,15,50
2022-07-02,16,48
2022-07-02,17,46
2022-07-02,18,31
2022-07-02,19,25
2022-07-02,20,18
2022-07-02,21,17
2022-07-02,22,20
2022-07-02,23,13
2022-07-03,0,13
2022-07-03,1,2
2022-07-03,2,6
2022-07-03,3,3
2022-07-03,4,5
2022-07-03,5,4
2022-07-03,6,9
2022-07-03,7,11
2022-07-03,8,14
2022-07-03,9,25
2022-07-03,10,42
2022-07-03,11,39
2022-07-03,12,46
2022-07-03,13,51
2022-07-03,14,45
2022-07-03,15,33
2022-07-03,16,37
2022-07-03,17,32
2022-07-03,18,33
2022-07-03,19,24
2022-07-03,20,13
2022-07-03,21,13
2022-07-03,22,10
2022-07-03,23,4
2022-07-04,0,5
2022-07-04,1,6
2022-07-04,2,4
2022-07-04,3,3
2022-07-04,4,5
2022-07-04,5,8
2022-07-04,6,36
2022-07-04,7,59
2022-07-04,8,44
2022-07-04,9,49
2022-07-04,10,47
2022-07-04,11,48
2022-07-04,12,48
2022-07-04,13,56
2022-07-04,14,121
2022-07-04,15,55
2022-07-04,16,60
2022-07-04,17,49
2022-07-04,18,27
2022-07-04,19,22
2022-07-04,20,18
2022-07-04,21,16
2022-07-04,22,15
2022-07-04,23,2
2022-07-05,0,5
2022-07-05,1,0
2022-07-05,2,0
2022-07-05,3,0
2022-07-05,4,5
2022-07-05,5,9
2022-07-05,6,29
2022-07-05,7,68
2022-07-05,8,60
2022-07-05,9,46
2022-07-05,10,64
2022-07-05,11,72
2022-07-05,12,89
2022-07-05,13,59
2022-07-05,14,45
2022-07-05,15,49
2022-07-05,16,64
2022-07-05,17,41
2022-07-05,18,26
2022-07-05,19,28
2022-07-05,20,20
2022-07-05,21,13
2022-07-05,22,8
2022-07-05,23,3
2022-07-06,0,4
2022-07-06,1,1
2022-07-06,2,1
2022-07-06,3,3
2022-07-06,4,8
2022-07-06,5,13
2022-07-06,6,32
2022-07-06,7,59
2022-07-06,8,59
2022-07-06,9,43
2022-07-06,10,47
2022-07-06,11,41
2022-07-06,12,47
2022-07-06,13,51
2022-07-06,14,45
2022-07-06,15,57
2022-07-06,16,80
2022-07-06,17,41
2022-07-06,18,38
2022-07-06,19,30
2022-07-06,20,27
2022-07-06,21,15
2022-07-06,22,8
2022-07-06,23,3
2022-07-07,0,1
2022-07-07,1,3
2022-07-07,2,2
2022-07-07,3,6
2022-07-07,4,4
2022-07-07,5,11
2022-07-07,6,33
2022-07-07,7,63
2022-07-07,8,53
2022-07-07,9,65
2022-07-07,10,48
2022-07-07,11,61
2022-07-07,12,52
2022-07-07,13,53
2022-07-07,14,38
2022-07-07,15,73
2022-07-07,16,91
2022-07-07,17,49
2022-07-07,18,44
2022-07-07,19,19
2022-07-07,20,18
2022-07-07,21,16
2022-07-07,22,14
2022-07-07,23,16
2022-07-08,0,5
2022-07-08,1,2
2022-07-08,2,0
2022-07-08,3,4
2022-07-08,4,1
2022-07-08,5,8
2022-07-08,6,33
2022-07-08,7,50
2022-07-08,8,54
2022-07-08,9,34
2022-07-08,10,53
2022-07-08,11,51
2022-07-08,12,49
2022-07-08,13,54
2022-07-08,14,49
2022-07-08,15,66
2022-07-08,16,126
2022-07-08,17,40
2022-07-08,18,44
2022-07-08,19,22
2022-07-08,20,23
2022-07-08,21,19
2022-07-08,22,12
2022-07-08,23,13
2022-07-09,0,11
2022-07-09,1,6
2022-07-09,2,2
2022-07-09,3,5
2022-07-09,4,0
2022-07-09,5,9
2022-07-09,6,15
2022-07-09,7,13
2022-07-09,8,38
2022-07-09,9,31
2022-07-09,10,37
2022-07-09,11,50
2022-07-09,12,41
2022-07-09,13,56
2022-07-09,14,34
2022-07-09,15,38
2022-07-09,16,42
2022-07-09,17,29
2022-07-09,18,24
2022-07-09,19,27
2022-07-09,20,27
2022-07-09,21,19
2022-07-09,22,18
2022-07-09,23,11
2022-07-10,0,8
2022-07-10,1,5
2022-07-10,2,7
2022-07-10,3,8
2022-07-10,4,4
2022-07-10,5,5
2022-07-10,6,2
2022-07-10,7,9
2022-07-10,8,17
2022-07-10,9,27
2022-07-10,10,31
2022-07-10,11,32
2022-07-10,12,38
2022-07-10,13,41
2022-07-10,14,39
2022-07-10,15,34
2022-07-10,16,31
2022-07-10,17,34
2022-07-10,18,30
2022-07-10,19,25
2022-07-10,20,16
2022-07-10,21,16
2022-07-10,22,14
2022-07-10,23,10
2022-07-11,0,6
2022-07-11,1,1
2022-07-11,2,4
2022-07-11,3,1
2022-07-11,4,5
2022-07-11,5,10
2022-07-11,6,25
2022-07-11,7,52
2022-07-11,8,40
2022-07-11,9,50
2022-07-11,10,50
2022-07-11,11,50
2022-07-11,12,37
2022-07-11,13,39
2022-07-11,14,35
2022-07-11,15,44
2022-07-11,16,59
2022-07-11,17,54
2022-07-11,18,32
2022-07-11,19,25
2022-07-11,20,22
2022-07-11,21,13
2022-07-11,22,16
2022-07-11,23,2
2022-07-12,0,4
2022-07-12,1,1
2022-07-12,2,1
2022-07-12,3,4
2022-07-12,4,6
2022-07-12,5,17
2022-07-12,6,30
2022-07-12,7,68
2022-07-12,8,47
2022-07-12,9,36
2022-07-12,10,25
2022-07-12,11,43
2022-07-12,12,38
2022-07-12,13,34
2022-07-12,14,43
2022-07-12,15,50
2022-07-12,16,61
2022-07-12,17,54
2022-07-12,18,28
2022-07-12,19,25
2022-07-12,20,21
2022-07-12,21,15
2022-07-12,22,10
2022-07-12,23,4
2022-07-13,0,4
2022-07-13,1,3
2022-07-13,2,1
2022-07-13,3,1
2022-07-13,4,6
2022-07-13,5,13
2022-07-13,6,35
2022-07-13,7,65
2022-07-13,8,58
2022-07-13,9,52
2022-07-13,10,39
2022-07-13,11,35
2022-07-13,12,68
2022-07-13,13,44
2022-07-13,14,38
2022-07-13,15,55
2022-07-13,16,64
2022-07-13,17,38
2022-07-13,18,28
2022-07-13,19,22
2022-07-13,20,23
2022-07-13,21,15
2022-07-13,22,6
2022-07-13,23,9
2022-07-14,0,5
2022-07-14,1,2
2022-07-14,2,5
2022-07-14,3,4
2022-07-14,4,6
2022-07-14,5,10
2022-07-14,6,28
2022-07-14,7,68
2022-07-14,8,50
2022-07-14,9,46
2022-07-14,10,48
2022-07-14,11,62
2022-07-14,12,46
2022-07-14,13,45
2022-07-14,14,49
2022-07-14,15,52
2022-07-14,16,68
2022-07-14,17,49
2022-07-14,18,32
2022-07-14,19,17
2022-07-14,20,18
2022-07-14,21,18
2022-07-14,22,14
2022-07-14,23,8
2022-07-15,0,5
2022-07-15,1,1
2022-07-15,2,4
2022-07-15,3,2
2022-07-15,4,6
2022-07-15,5,8
2022-07-15,6,28
2022-07-15,7,52
2022-07-15,8,61
2022-07-15,9,37
2022-07-15,10,48
2022-07-15,11,51
2022-07-15,12,43
2022-07-15,13,56
2022-07-15,14,55
2022-07-15,15,56
2022-07-15,16,65
2022-07-15,17,43
2022-07-15,18,39
2022-07-15,19,27
2022-07-15,20,15
2022-07-15,21,21
2022-07-15,22,12
2022-07-15,23,13
2022-07-16,0,2
2022-07-16,1,5
2022-07-16,2,0
2022-07-16,3,4
2022-07-16,4,2
2022-07-16,5,2
2022-07-16,6,17
2022-07-16,7,14
2022-07-16,8,35
2022-07-16,9,41
2022-07-16,10,46
2022-07-16,11,45
2022-07-16,12,49
2022-07-16,13,42
2022-07-16,14,47
2022-07-16,15,35
2022-07-16,16,31
2022-07-16,17,32
2022-07-16,18,22
2022-07-16,19,30
2022-07-16,20,19
2022-07-16,21,16
2022-07-16,22,15
2022-07-16,23,15
2022-07-17,0,11
2022-07-17,1,22
2022-07-17,2,41
2022-07-17,3,34
2022-07-17,4,24
2022-07-17,5,35
2022-07-17,6,58
2022-07-17,7,81
2022-07-17,8,126
2022-07-17,9,148
2022-07-17,10,217
2022-07-17,11,217
2022-07-17,12,261
2022-07-17,13,228
2022-07-17,14,246
2022-07-17,15,191
2022-07-17,16,144
2022-07-17,17,163
2022-07-17,18,118
2022-07-17,19,131
2022-07-17,20,77
2022-07-17,21,92
2022-07-17,22,68
2022-07-17,23,50
2022-07-18,0,28
2022-07-18,1,17
2022-07-18,2,11
2022-07-18,3,18
2022-07-18,4,14
2022-07-18,5,12
2022-07-18,6,26
2022-07-18,7,37
2022-07-18,8,46
2022-07-18,9,41
2022-07-18,10,42
2022-07-18,11,44
2022-07-18,12,52
2022-07-18,13,31
2022-07-18,14,28
2022-07-18,15,54
2022-07-18,16,43
2022-07-18,17,39
2022-07-18,18,24
2022-07-18,19,27
2022-07-18,20,14
2022-07-18,21,15
2022-07-18,22,11
2022-07-18,23,8
2022-07-19,0,4
2022-07-19,1,2
2022-07-19,2,0
2022-07-19,3,1
2022-07-19,4,3
2022-07-19,5,12
2022-07-19,6,25
2022-07-19,7,45
2022-07-19,8,59
2022-07-19,9,76
2022-07-19,10,45
2022-07-19,11,38
2022-07-19,12,36
2022-07-19,13,44
2022-07-19,14,49
2022-07-19,15,52
2022-07-19,16,62
2022-07-19,17,44
2022-07-19,18,29
2022-07-19,19,30
2022-07-19,20,23
2022-07-19,21,17
2022-07-19,22,10
2022-07-19,23,11
2022-07-20,0,4
2022-07-20,1,0
2022-07-20,2,1
2022-07-20,3,4
2022-07-20,4,5
2022-07-20,5,9
2022-07-20,6,31
2022-07-20,7,60
2022-07-20,8,55
2022-07-20,9,39
2022-07-20,10,60
2022-07-20,11,44
2022-07-20,12,48
2022-07-20,13,48
2022-07-20,14,35
2022-07-20,15,65
2022-07-20,16,80
2022-07-20,17,51
2022-07-20,18,27
2022-07-20,19,28
2022-07-20,20,20
2022-07-20,21,9
2022-07-20,22,13
2022-07-20,23,7
2022-07-21,0,2
2022-07-21,1,2
2022-07-21,2,1
2022-07-21,3,2
2022-07-21,4,9
2022-07-21,5,10
2022-07-21,6,22
2022-07-21,7,50
2022-07-21,8,54
2022-07-21,9,37
2022-07-21,10,42
2022-07-21,11,41
2022-07-21,12,55
2022-07-21,13,56
2022-07-21,14,47
2022-07-21,15,55
2022-07-21,16,58
2022-07-21,17,65
2022-07-21,18,35
2022-07-21,19,22
2022-07-21,20,17
2022-07-21,21,15
2022-07-21,22,16
2022-07-21,23,7
2022-07-22,0,3
2022-07-22,1,3
2022-07-22,2,1
2022-07-22,3,4
2022-07-22,4,5
2022-07-22,5,11
2022-07-22,6,32
2022-07-22,7,50
2022-07-22,8,48
2022-07-22,9,38
2022-07-22,10,48
2022-07-22,11,49
2022-07-22,12,59
2022-07-22,13,52
2022-07-22,14,55
2022-07-22,15,71
2022-07-22,16,72
2022-07-22,17,46
2022-07-22,18,44
2022-07-22,19,29
2022-07-22,20,22
2022-07-22,21,19
2022-07-22,22,18
2022-07-22,23,11
2022-07-23,0,7
2022-07-23,1,5
2022-07-23,2,4
2022-07-23,3,5
2022-07-23,4,5
2022-07-23,5,3
2022-07-23,6,17
2022-07-23,7,22
2022-07-23,8,32
2022-07-23,9,52
2022-07-23,10,72
2022-07-23,11,37
2022-07-23,12,60
2022-07-23,13,54
2022-07-23,14,54
2022-07-23,15,51
2022-07-23,16,42
2022-07-23,17,46
2022-07-23,18,45
2022-07-23,19,23
2022-07-23,20,25
2022-07-23,21,20
2022-07-23,22,16
2022-07-23,23,16
2022-07-24,0,11
2022-07-24,1,5
2022-07-24,2,6
2022-07-24,3,5
2022-07-24,4,4
2022-07-24,5,5
2022-07-24,6,7
2022-07-24,7,10
2022-07-24,8,17
2022-07-24,9,28
2022-07-24,10,40
2022-07-24,11,55
2022-07-24,12,50
2022-07-24,13,45
2022-07-24,14,36
2022-07-24,15,43
2022-07-24,16,37
2022-07-24,17,41
2022-07-24,18,31
2022-07-24,19,21
2022-07-24,20,19
2022-07-24,21,11
2022-07-24,22,18
2022-07-24,23,9
2022-07-25,0,1
2022-07-25,1,6
2022-07-25,2,4
2022-07-25,3,0
2022-07-25,4,5
2022-07-25,5,8
2022-07-25,6,40
2022-07-25,7,62
2022-07-25,8,45
2022-07-25,9,47
2022-07-25,10,46
2022-07-25,11,38
2022-07-25,12,46
2022-07-25,13,47
2022-07-25,14,53
2022-07-25,15,51
2022-07-25,16,69
2022-07-25,17,44
2022-07-25,18,29
2022-07-25,19,21
2022-07-25,20,16
2022-07-25,21,21
2022-07-25,22,6
2022-07-25,23,4
2022-07-26,0,2
2022-07-26,1,2
2022-07-26,2,0
2022-07-26,3,3
2022-07-26,4,2
2022-07-26,5,8
2022-07-26,6,30
2022-07-26,7,76
2022-07-26,8,69
2022-07-26,9,37
2022-07-26,10,28
2022-07-26,11,33
2022-07-26,12,47
2022-07-26,13,49
2022-07-26,14,31
2022-07-26,15,47
2022-07-26,16,74
2022-07-26,17,44
2022-07-26,18,33
2022-07-26,19,29
2022-07-26,20,20
2022-07-26,21,13
2022-07-26,22,10
2022-07-26,23,6
2022-07-27,0,2
2022-07-27,1,4
2022-07-27,2,2
2022-07-27,3,1
2022-07-27,4,4
2022-07-27,5,5
2022-07-27,6,32
2022-07-27,7,62
2022-07-27,8,54
2022-07-27,9,49
2022-07-27,10,57
2022-07-27,11,64
2022-07-27,12,49
2022-07-27,13,45
2022-07-27,14,47
2022-07-27,15,66
2022-07-27,16,59
2022-07-27,17,63
2022-07-27,18,44
2022-07-27,19,32
2022-07-27,20,21
2022-07-27,21,16
2022-07-27,22,13
2022-07-27,23,9
2022-07-28,0,1
2022-07-28,1,1
2022-07-28,2,5
2022-07-28,3,0
2022-07-28,4,16
2022-07-28,5,14
2022-07-28,6,29
2022-07-28,7,56
2022-07-28,8,75
2022-07-28,9,44
2022-07-28,10,37
2022-07-28,11,62
2022-07-28,12,53
2022-07-28,13,49
2022-07-28,14,39
2022-07-28,15,74
2022-07-28,16,100
2022-07-28,17,72
2022-07-28,18,41
2022-07-28,19,28
2022-07-28,20,17
2022-07-28,21,18
2022-07-28,22,13
2022-07-28,23,5
2022-07-29,0,1
2022-07-29,1,4
2022-07-29,2,1
2022-07-29,3,3
2022-07-29,4,7
2022-07-29,5,9
2022-07-29,6,26
2022-07-29,7,49
2022-07-29,8,66
2022-07-29,9,42
2022-07-29,10,59
2022-07-29,11,68
2022-07-29,12,65
2022-07-29,13,66
2022-07-29,14,56
2022-07-29,15,93
2022-07-29,16,76
2022-07-29,17,44
2022-07-29,18,40
2022-07-29,19,28
2022-07-29,20,17
2022-07-29,21,21
2022-07-29,22,18
2022-07-29,23,12
2022-07-30,0,7
2022-07-30,1,4
2022-07-30,2,4
2022-07-30,3,4
2022-07-30,4,7
2022-07-30,5,3
2022-07-30,6,11
2022-07-30,7,17
2022-07-30,8,29
2022-07-30,9,43
2022-07-30,10,57
2022-07-30,11,57
2022-07-30,12,59
2022-07-30,13,55
2022-07-30,14,48
2022-07-30,15,50
2022-07-30,16,36
2022-07-30,17,42
2022-07-30,18,30
2022-07-30,19,26
2022-07-30,20,18
2022-07-30,21,21
2022-07-30,22,15
2022-07-30,23,15
2022-07-31,0,9
2022-07-31,1,2
2022-07-31,2,2
2022-07-31,3,1
2022-07-31,4,2
2022-07-31,5,4
2022-07-31,6,5
2022-07-31,7,3
2022-07-31,8,19
2022-07-31,9,27
2022-07-31,10,30
2022-07-31,11,38
2022-07-31,12,48
2022-07-31,13,53
2022-07-31,14,46
2022-07-31,15,53
2022-07-31,16,36
2022-07-31,17,31
2022-07-31,18,28
2022-07-31,19,34
2022-07-31,20,18
2022-07-31,21,20
2022-07-31,22,15
2022-07-31,23,7
2022-08-01,0,6
2022-08-01,1,2
2022-08-01,2,4
2022-08-01,3,2
2022-08-01,4,6
2022-08-01,5,11
2022-08-01,6,23
2022-08-01,7,57
2022-08-01,8,50
2022-08-01,9,47
2022-08-01,10,39
2022-08-01,11,38
2022-08-01,12,44
2022-08-01,13,44
2022-08-01,14,61
2022-08-01,15,51
2022-08-01,16,60
2022-08-01,17,54
2022-08-01,18,35
2022-08-01,19,22
2022-08-01,20,11
2022-08-01,21,7
2022-08-01,22,13
2022-08-01,23,3
2022-08-02,0,0
2022-08-02,1,0
2022-08-02,2,0
2022-08-02,3,1
2022-08-02,4,4
2022-08-02,5,11
2022-08-02,6,37
2022-08-02,7,66
2022-08-02,8,56
2022-08-02,9,38
2022-08-02,10,59
2022-08-02,11,52
2022-08-02,12,38
2022-08-02,13,59
2022-08-02,14,55
2022-08-02,15,57
2022-08-02,16,78
2022-08-02,17,62
2022-08-02,18,38
2022-08-02,19,27
2022-08-02,20,16
2022-08-02,21,16
2022-08-02,22,12
2022-08-02,23,8
2022-08-03,0,3
2022-08-03,1,2
2022-08-03,2,2
2022-08-03,3,2
2022-08-03,4,8
2022-08-03,5,12
2022-08-03,6,35
2022-08-03,7,65
2022-08-03,8,70
2022-08-03,9,46
2022-08-03,10,41
2022-08-03,11,58
2022-08-03,12,63
2022-08-03,13,50
2022-08-03,14,43
2022-08-03,15,52
2022-08-03,16,87
2022-08-03,17,66
2022-08-03,18,36
2022-08-03,19,25
2022-08-03,20,22
2022-08-03,21,16
2022-08-03,22,9
2022-08-03,23,6
2022-08-04,0,1
2022-08-04,1,0
2022-08-04,2,3
2022-08-04,3,2
2022-08-04,4,8
2022-08-04,5,9
2022-08-04,6,40
2022-08-04,7,68
2022-08-04,8,51
2022-08-04,9,47
2022-08-04,10,36
2022-08-04,11,45
2022-08-04,12,43
2022-08-04,13,49
2022-08-04,14,48
2022-08-04,15,63
2022-08-04,16,98
2022-08-04,17,57
2022-08-04,18,69
2022-08-04,19,23
2022-08-04,20,28
2022-08-04,21,21
2022-08-04,22,12
2022-08-04,23,4
2022-08-05,0,6
2022-08-05,1,2
2022-08-05,2,1
2022-08-05,3,1
2022-08-05,4,9
2022-08-05,5,9
2022-08-05,6,36
2022-08-05,7,61
2022-08-05,8,42
2022-08-05,9,43
2022-08-05,10,42
2022-08-05,11,61
2022-08-05,12,66
2022-08-05,13,43
2022-08-05,14,63
2022-08-05,15,77
2022-08-05,16,75
2022-08-05,17,52
2022-08-05,18,35
2022-08-05,19,28
2022-08-05,20,21
2022-08-05,21,21
2022-08-05,22,14
2022-08-05,23,5
2022-08-06,0,7
2022-08-06,1,3
2022-08-06,2,4
2022-08-06,3,1
2022-08-06,4,3
2022-08-06,5,5
2022-08-06,6,9
2022-08-06,7,19
2022-08-06,8,29
2022-08-06,9,45
2022-08-06,10,39
2022-08-06,11,47
2022-08-06,12,63
2022-08-06,13,54
2022-08-06,14,49
2022-08-06,15,43
2022-08-06,16,46
2022-08-06,17,51
2022-08-06,18,40
2022-08-06,19,24
2022-08-06,20,17
2022-08-06,21,16
2022-08-06,22,15
2022-08-06,23,10
2022-08-07,0,11
2022-08-07,1,11
2022-08-07,2,4
2022-08-07,3,1
2022-08-07,4,3
2022-08-07,5,6
2022-08-07,6,9
2022-08-07,7,9
2022-08-07,8,20
2022-08-07,9,29
2022-08-07,10,44
2022-08-07,11,55
2022-08-07,12,41
2022-08-07,13,51
2022-08-07,14,42
2022-08-07,15,36
2022-08-07,16,45
2022-08-07,17,28
2022-08-07,18,28
2022-08-07,19,32
2022-08-07,20,21
2022-08-07,21,16
2022-08-07,22,9
2022-08-07,23,3
2022-08-08,0,5
2022-08-08,1,0
2022-08-08,2,0
2022-08-08,3,4
2022-08-08,4,4
2022-08-08,5,9
2022-08-08,6,35
2022-08-08,7,46
2022-08-08,8,42
2022-08-08,9,42
2022-08-08,10,48
2022-08-08,11,52
2022-08-08,12,44
2022-08-08,13,61
2022-08-08,14,45
2022-08-08,15,68
2022-08-08,16,63
2022-08-08,17,52
2022-08-08,18,28
2022-08-08,19,23
2022-08-08,20,24
2022-08-08,21,23
2022-08-08,22,9
2022-08-08,23,4
2022-08-09,0,3
2022-08-09,1,5
2022-08-09,2,0
2022-08-09,3,0
2022-08-09,4,1
2022-08-09,5,10
2022-08-09,6,29
2022-08-09,7,73
2022-08-09,8,72
2022-08-09,9,46
2022-08-09,10,50
2022-08-09,11,36
2022-08-09,12,34
2022-08-09,13,47
2022-08-09,14,40
2022-08-09,15,54
2022-08-09,16,67
2022-08-09,17,68
2022-08-09,18,48
2022-08-09,19,31
2022-08-09,20,21
2022-08-09,21,35
2022-08-09,22,14
2022-08-09,23,7
2022-08-10,0,4
2022-08-10,1,3
2022-08-10,2,1
2022-08-10,3,1
2022-08-10,4,5
2022-08-10,5,10
2022-08-10,6,20
2022-08-10,7,40
2022-08-10,8,36
2022-08-10,9,35
2022-08-10,10,32
2022-08-10,11,31
2022-08-10,12,38
2022-08-10,13,51
2022-08-10,14,41
2022-08-10,15,30
2022-08-10,16,58
2022-08-10,17,32
2022-08-10,18,25
2022-08-10,19,13
2022-08-10,20,16
2022-08-10,21,16
2022-08-10,22,3
2022-08-10,23,4
2022-08-11,0,2
2022-08-11,1,1
2022-08-11,2,0
2022-08-11,3,1
2022-08-11,4,0
2022-08-11,5,7
2022-08-11,6,25
2022-08-11,7,38
2022-08-11,8,30
2022-08-11,9,24
2022-08-11,10,24
2022-08-11,11,24
2022-08-11,12,75
2022-08-11,13,36
2022-08-11,14,22
2022-08-11,15,49
2022-08-11,16,80
2022-08-11,17,42
2022-08-11,18,32
2022-08-11,19,28
2022-08-11,20,17
2022-08-11,21,18
2022-08-11,22,10
2022-08-11,23,4
2022-08-12,0,4
2022-08-12,1,2
2022-08-12,2,0
2022-08-12,3,1
2022-08-12,4,3
2022-08-12,5,8
2022-08-12,6,26
2022-08-12,7,36
2022-08-12,8,42
2022-08-12,9,38
2022-08-12,10,34
2022-08-12,11,49
2022-08-12,12,65
2022-08-12,13,41
2022-08-12,14,52
2022-08-12,15,66
2022-08-12,16,62
2022-08-12,17,36
2022-08-12,18,38
2022-08-12,19,30
2022-08-12,20,21
2022-08-12,21,21
2022-08-12,22,11
2022-08-12,23,11
2022-08-13,0,7
2022-08-13,1,5
2022-08-13,2,9
2022-08-13,3,3
2022-08-13,4,5
2022-08-13,5,7
2022-08-13,6,8
2022-08-13,7,19
2022-08-13,8,24
2022-08-13,9,30
2022-08-13,10,46
2022-08-13,11,59
2022-08-13,12,59
2022-08-13,13,57
2022-08-13,14,34
2022-08-13,15,37
2022-08-13,16,42
2022-08-13,17,36
2022-08-13,18,34
2022-08-13,19,35
2022-08-13,20,23
2022-08-13,21,18
2022-08-13,22,15
2022-08-13,23,11
2022-08-14,0,13
2022-08-14,1,10
2022-08-14,2,6
2022-08-14,3,4
2022-08-14,4,4
2022-08-14,5,6
2022-08-14,6,7
2022-08-14,7,12
2022-08-14,8,36
2022-08-14,9,25
2022-08-14,10,46
2022-08-14,11,37
2022-08-14,12,48
2022-08-14,13,45
2022-08-14,14,36
2022-08-14,15,41
2022-08-14,16,28
2022-08-14,17,28
2022-08-14,18,31
2022-08-14,19,29
2022-08-14,20,22
2022-08-14,21,22
2022-08-14,22,12
2022-08-14,23,8
2022-08-15,0,2
2022-08-15,1,2
2022-08-15,2,2
2022-08-15,3,1
2022-08-15,4,7
2022-08-15,5,10
2022-08-15,6,23
2022-08-15,7,51
2022-08-15,8,51
2022-08-15,9,44
2022-08-15,10,64
2022-08-15,11,46
2022-08-15,12,42
2022-08-15,13,47
2022-08-15,14,51
2022-08-15,15,54
2022-08-15,16,77
2022-08-15,17,43
2022-08-15,18,34
2022-08-15,19,26
2022-08-15,20,21
2022-08-15,21,18
2022-08-15,22,10
2022-08-15,23,4
2022-08-16,0,4
2022-08-16,1,1
2022-08-16,2,2
2022-08-16,3,6
2022-08-16,4,7
2022-08-16,5,12
2022-08-16,6,35
2022-08-16,7,63
2022-08-16,8,55
2022-08-16,9,47
2022-08-16,10,53
2022-08-16,11,45
2022-08-16,12,59
2022-08-16,13,54
2022-08-16,14,57
2022-08-16,15,59
2022-08-16,16,74
2022-08-16,17,60
2022-08-16,18,49
2022-08-16,19,23
2022-08-16,20,29
2022-08-16,21,27
2022-08-16,22,12
2022-08-16,23,7
2022-08-17,0,5
2022-08-17,1,0
2022-08-17,2,1
2022-08-17,3,3
2022-08-17,4,4
2022-08-17,5,11
2022-08-17,6,30
2022-08-17,7,86
2022-08-17,8,44
2022-08-17,9,44
2022-08-17,10,51
2022-08-17,11,47
2022-08-17,12,46
2022-08-17,13,52
2022-08-17,14,32
2022-08-17,15,49
2022-08-17,16,79
2022-08-17,17,37
2022-08-17,18,34
2022-08-17,19,25
2022-08-17,20,20
2022-08-17,21,15
2022-08-17,22,6
2022-08-17,23,7
2022-08-18,0,5
2022-08-18,1,0
2022-08-18,2,2
2022-08-18,3,1
2022-08-18,4,0
2022-08-18,5,13
2022-08-18,6,39
2022-08-18,7,71
2022-08-18,8,62
2022-08-18,9,38
2022-08-18,10,54
2022-08-18,11,50
2022-08-18,12,88
2022-08-18,13,77
2022-08-18,14,60
2022-08-18,15,52
2022-08-18,16,86
2022-08-18,17,51
2022-08-18,18,43
2022-08-18,19,27
2022-08-18,20,37
2022-08-18,21,20
2022-08-18,22,9
2022-08-18,23,12
2022-08-19,0,5
2022-08-19,1,2
2022-08-19,2,0
2022-08-19,3,2
2022-08-19,4,7
2022-08-19,5,13
2022-08-19,6,44
2022-08-19,7,68
2022-08-19,8,52
2022-08-19,9,37
2022-08-19,10,62
2022-08-19,11,41
2022-08-19,12,71
2022-08-19,13,67
2022-08-19,14,72
2022-08-19,15,114
2022-08-19,16,54
2022-08-19,17,41
2022-08-19,18,71
2022-08-19,19,24
2022-08-19,20,18
2022-08-19,21,18
2022-08-19,22,11
2022-08-19,23,5
2022-08-20,0,5
2022-08-20,1,5
2022-08-20,2,4
2022-08-20,3,6
2022-08-20,4,3
2022-08-20,5,1
2022-08-20,6,9
2022-08-20,7,16
2022-08-20,8,26
2022-08-20,9,42
2022-08-20,10,41
2022-08-20,11,69
2022-08-20,12,56
2022-08-20,13,47
2022-08-20,14,42
2022-08-20,15,54
2022-08-20,16,48
2022-08-20,17,35
2022-08-20,18,32
2022-08-20,19,26
2022-08-20,20,14
2022-08-20,21,18
2022-08-20,22,12
2022-08-20,23,15
2022-08-21,0,12
2022-08-21,1,7
2022-08-21,2,1
2022-08-21,3,4
2022-08-21,4,1
2022-08-21,5,4
2022-08-21,6,5
2022-08-21,7,14
2022-08-21,8,22
2022-08-21,9,26
2022-08-21,10,43
2022-08-21,11,42
2022-08-21,12,39
2022-08-21,13,57
2022-08-21,14,44
2022-08-21,15,42
2022-08-21,16,55
2022-08-21,17,40
2022-08-21,18,22
2022-08-21,19,20
2022-08-21,20,17
2022-08-21,21,9
2022-08-21,22,8
2022-08-21,23,7
2022-08-22,0,1
2022-08-22,1,3
2022-08-22,2,1
2022-08-22,3,1
2022-08-22,4,4
2022-08-22,5,12
2022-08-22,6,36
2022-08-22,7,74
2022-08-22,8,56
2022-08-22,9,40
2022-08-22,10,43
2022-08-22,11,35
2022-08-22,12,49
2022-08-22,13,39
2022-08-22,14,44
2022-08-22,15,54
2022-08-22,16,83
2022-08-22,17,74
2022-08-22,18,24
2022-08-22,19,12
2022-08-22,20,17
2022-08-22,21,17
2022-08-22,22,9
2022-08-22,23,9
2022-08-23,0,3
2022-08-23,1,3
2022-08-23,2,1
2022-08-23,3,1
2022-08-23,4,4
2022-08-23,5,11
2022-08-23,6,34
2022-08-23,7,80
2022-08-23,8,74
2022-08-23,9,70
2022-08-23,10,68
2022-08-23,11,46
2022-08-23,12,46
2022-08-23,13,57
2022-08-23,14,62
2022-08-23,15,78
2022-08-23,16,97
2022-08-23,17,64
2022-08-23,18,47
2022-08-23,19,35
2022-08-23,20,26
2022-08-23,21,16
2022-08-23,22,16
2022-08-23,23,11
2022-08-24,0,6
2022-08-24,1,1
2022-08-24,2,1
2022-08-24,3,2
2022-08-24,4,5
2022-08-24,5,14
2022-08-24,6,39
2022-08-24,7,92
2022-08-24,8,69
2022-08-24,9,37
2022-08-24,10,36
2022-08-24,11,58
2022-08-24,12,56
2022-08-24,13,47
2022-08-24,14,41
2022-08-24,15,65
2022-08-24,16,102
2022-08-24,17,60
2022-08-24,18,37
2022-08-24,19,33
2022-08-24,20,31
2022-08-24,21,30
2022-08-24,22,15
2022-08-24,23,13
2022-08-25,0,8
2022-08-25,1,8
2022-08-25,2,2
2022-08-25,3,3
2022-08-25,4,5
2022-08-25,5,11
2022-08-25,6,33
2022-08-25,7,76
2022-08-25,8,65
2022-08-25,9,46
2022-08-25,10,49
2022-08-25,11,38
2022-08-25,12,53
2022-08-25,13,42
2022-08-25,14,55
2022-08-25,15,71
2022-08-25,16,115
2022-08-25,17,66
2022-08-25,18,44
2022-08-25,19,33
2022-08-25,20,27
2022-08-25,21,10
2022-08-25,22,10
2022-08-25,23,3
2022-08-26,0,4
2022-08-26,1,5
2022-08-26,2,1
2022-08-26,3,3
2022-08-26,4,8
2022-08-26,5,10
2022-08-26,6,44
2022-08-26,7,63
2022-08-26,8,71
2022-08-26,9,39
2022-08-26,10,46
2022-08-26,11,49
2022-08-26,12,78
2022-08-26,13,60
2022-08-26,14,50
2022-08-26,15,76
2022-08-26,16,92
2022-08-26,17,40
2022-08-26,18,42
2022-08-26,19,27
2022-08-26,20,22
2022-08-26,21,16
2022-08-26,22,15
2022-08-26,23,10
2022-08-27,0,5
2022-08-27,1,4
2022-08-27,2,2
2022-08-27,3,0
2022-08-27,4,5
2022-08-27,5,4
2022-08-27,6,13
2022-08-27,7,16
2022-08-27,8,29
2022-08-27,9,41
2022-08-27,10,44
2022-08-27,11,45
2022-08-27,12,47
2022-08-27,13,58
2022-08-27,14,39
2022-08-27,15,36
2022-08-27,16,58
2022-08-27,17,56
2022-08-27,18,37
2022-08-27,19,31
2022-08-27,20,24
2022-08-27,21,14
2022-08-27,22,13
2022-08-27,23,9
2022-08-28,0,9
2022-08-28,1,7
2022-08-28,2,4
2022-08-28,3,2
2022-08-28,4,10
2022-08-28,5,8
2022-08-28,6,8
2022-08-28,7,16
2022-08-28,8,29
2022-08-28,9,51
2022-08-28,10,49
2022-08-28,11,53
2022-08-28,12,44
2022-08-28,13,54
2022-08-28,14,49
2022-08-28,15,51
2022-08-28,16,70
2022-08-28,17,46
2022-08-28,18,24
2022-08-28,19,28
2022-08-28,20,25
2022-08-28,21,25
2022-08-28,22,9
2022-08-28,23,8
2022-08-29,0,4
2022-08-29,1,1
2022-08-29,2,5
2022-08-29,3,5
2022-08-29,4,5
2022-08-29,5,15
2022-08-29,6,32
2022-08-29,7,63
2022-08-29,8,54
2022-08-29,9,45
2022-08-29,10,42
2022-08-29,11,36
2022-08-29,12,50
2022-08-29,13,63
2022-08-29,14,51
2022-08-29,15,48
2022-08-29,16,65
2022-08-29,17,61
2022-08-29,18,30
2022-08-29,19,34
2022-08-29,20,22
2022-08-29,21,16
2022-08-29,22,10
2022-08-29,23,1
2022-08-30,0,2
2022-08-30,1,0
2022-08-30,2,0
2022-08-30,3,3
2022-08-30,4,4
2022-08-30,5,11
2022-08-30,6,33
2022-08-30,7,73
2022-08-30,8,61
2022-08-30,9,41
2022-08-30,10,41
2022-08-30,11,37
2022-08-30,12,39
2022-08-30,13,43
2022-08-30,14,35
2022-08-30,15,46
2022-08-30,16,76
2022-08-30,17,43
2022-08-30,18,34
2022-08-30,19,35
2022-08-30,20,23
2022-08-30,21,15
2022-08-30,22,9
2022-08-30,23,7
2022-08-31,0,4
2022-08-31,1,1
2022-08-31,2,2
2022-08-31,3,7
2022-08-31,4,4
2022-08-31,5,12
2022-08-31,6,43
2022-08-31,7,91
2022-08-31,8,93
2022-08-31,9,41
2022-08-31,10,28
2022-08-31,11,44
2022-08-31,12,53
2022-08-31,13,41
2022-08-31,14,45
2022-08-31,15,62
2022-08-31,16,105
2022-08-31,17,43
2022-08-31,18,33
2022-08-31,19,23
2022-08-31,20,21
2022-08-31,21,12
2022-08-31,22,5
2022-08-31,23,4
